id0_0000.mp4,REAL
id0_0000_1.mp4,REAL
id0_0000_2.mp4,REAL
id0_0000_3.mp4,REAL
id0_0000_4.mp4,REAL
id0_0000_5.mp4,REAL
id0_0001.mp4,REAL
id0_0001_1.mp4,REAL
id0_0001_2.mp4,REAL
id0_0001_3.mp4,REAL
id0_0001_4.mp4,REAL
id0_0001_5.mp4,REAL
id0_0002.mp4,REAL
id0_0002_1.mp4,REAL
id0_0002_2.mp4,REAL
id0_0002_3.mp4,REAL
id0_0002_4.mp4,REAL
id0_0002_5.mp4,REAL
id0_0003.mp4,REAL
id0_0003_1.mp4,REAL
id0_0003_2.mp4,REAL
id0_0003_3.mp4,REAL
id0_0003_4.mp4,REAL
id0_0003_5.mp4,REAL
id0_0004.mp4,REAL
id0_0004_1.mp4,REAL
id0_0004_2.mp4,REAL
id0_0004_3.mp4,REAL
id0_0004_4.mp4,REAL
id0_0004_5.mp4,REAL
id0_0005.mp4,REAL
id0_0005_1.mp4,REAL
id0_0005_2.mp4,REAL
id0_0005_3.mp4,REAL
id0_0005_4.mp4,REAL
id0_0005_5.mp4,REAL
id0_0006.mp4,REAL
id0_0006_1.mp4,REAL
id0_0006_2.mp4,REAL
id0_0006_3.mp4,REAL
id0_0006_4.mp4,REAL
id0_0006_5.mp4,REAL
id0_0007.mp4,REAL
id0_0007_1.mp4,REAL
id0_0007_2.mp4,REAL
id0_0007_3.mp4,REAL
id0_0007_4.mp4,REAL
id0_0007_5.mp4,REAL
id0_0008.mp4,REAL
id0_0008_1.mp4,REAL
id0_0008_2.mp4,REAL
id0_0008_3.mp4,REAL
id0_0008_4.mp4,REAL
id0_0008_5.mp4,REAL
id0_0009.mp4,REAL
id0_0009_1.mp4,REAL
id0_0009_2.mp4,REAL
id0_0009_3.mp4,REAL
id0_0009_4.mp4,REAL
id0_0009_5.mp4,REAL
id10_0000.mp4,REAL
id10_0000_1.mp4,REAL
id10_0000_2.mp4,REAL
id10_0000_3.mp4,REAL
id10_0000_4.mp4,REAL
id10_0000_5.mp4,REAL
id10_0001.mp4,REAL
id10_0001_1.mp4,REAL
id10_0001_2.mp4,REAL
id10_0001_3.mp4,REAL
id10_0001_4.mp4,REAL
id10_0001_5.mp4,REAL
id10_0002.mp4,REAL
id10_0002_1.mp4,REAL
id10_0002_2.mp4,REAL
id10_0002_3.mp4,REAL
id10_0002_4.mp4,REAL
id10_0002_5.mp4,REAL
id10_0003.mp4,REAL
id10_0003_1.mp4,REAL
id10_0003_2.mp4,REAL
id10_0003_3.mp4,REAL
id10_0003_4.mp4,REAL
id10_0003_5.mp4,REAL
id10_0004.mp4,REAL
id10_0004_1.mp4,REAL
id10_0004_2.mp4,REAL
id10_0004_3.mp4,REAL
id10_0004_4.mp4,REAL
id10_0004_5.mp4,REAL
id10_0005.mp4,REAL
id10_0005_1.mp4,REAL
id10_0005_2.mp4,REAL
id10_0005_3.mp4,REAL
id10_0005_4.mp4,REAL
id10_0005_5.mp4,REAL
id10_0006.mp4,REAL
id10_0006_1.mp4,REAL
id10_0006_2.mp4,REAL
id10_0006_3.mp4,REAL
id10_0006_4.mp4,REAL
id10_0006_5.mp4,REAL
id10_0007.mp4,REAL
id10_0007_1.mp4,REAL
id10_0007_2.mp4,REAL
id10_0007_3.mp4,REAL
id10_0007_4.mp4,REAL
id10_0007_5.mp4,REAL
id10_0008.mp4,REAL
id10_0008_1.mp4,REAL
id10_0008_2.mp4,REAL
id10_0008_3.mp4,REAL
id10_0008_4.mp4,REAL
id10_0008_5.mp4,REAL
id10_0009.mp4,REAL
id10_0009_1.mp4,REAL
id10_0009_2.mp4,REAL
id10_0009_3.mp4,REAL
id10_0009_4.mp4,REAL
id10_0009_5.mp4,REAL
id11_0000.mp4,REAL
id11_0000_1.mp4,REAL
id11_0000_2.mp4,REAL
id11_0000_3.mp4,REAL
id11_0000_4.mp4,REAL
id11_0000_5.mp4,REAL
id11_0001.mp4,REAL
id11_0001_1.mp4,REAL
id11_0001_2.mp4,REAL
id11_0001_3.mp4,REAL
id11_0001_4.mp4,REAL
id11_0001_5.mp4,REAL
id11_0002.mp4,REAL
id11_0002_1.mp4,REAL
id11_0002_2.mp4,REAL
id11_0002_3.mp4,REAL
id11_0002_4.mp4,REAL
id11_0002_5.mp4,REAL
id11_0003.mp4,REAL
id11_0003_1.mp4,REAL
id11_0003_2.mp4,REAL
id11_0003_3.mp4,REAL
id11_0003_4.mp4,REAL
id11_0003_5.mp4,REAL
id11_0004.mp4,REAL
id11_0004_1.mp4,REAL
id11_0004_2.mp4,REAL
id11_0004_3.mp4,REAL
id11_0004_4.mp4,REAL
id11_0004_5.mp4,REAL
id11_0005.mp4,REAL
id11_0005_1.mp4,REAL
id11_0005_2.mp4,REAL
id11_0005_3.mp4,REAL
id11_0005_4.mp4,REAL
id11_0005_5.mp4,REAL
id11_0006.mp4,REAL
id11_0006_1.mp4,REAL
id11_0006_2.mp4,REAL
id11_0006_3.mp4,REAL
id11_0006_4.mp4,REAL
id11_0006_5.mp4,REAL
id11_0007.mp4,REAL
id11_0007_1.mp4,REAL
id11_0007_2.mp4,REAL
id11_0007_3.mp4,REAL
id11_0007_4.mp4,REAL
id11_0007_5.mp4,REAL
id11_0008.mp4,REAL
id11_0008_1.mp4,REAL
id11_0008_2.mp4,REAL
id11_0008_3.mp4,REAL
id11_0008_4.mp4,REAL
id11_0008_5.mp4,REAL
id11_0009.mp4,REAL
id11_0009_1.mp4,REAL
id11_0009_2.mp4,REAL
id11_0009_3.mp4,REAL
id11_0009_4.mp4,REAL
id11_0009_5.mp4,REAL
id11_0010.mp4,REAL
id11_0010_1.mp4,REAL
id11_0010_2.mp4,REAL
id11_0010_3.mp4,REAL
id11_0010_4.mp4,REAL
id11_0010_5.mp4,REAL
id12_0000.mp4,REAL
id12_0000_1.mp4,REAL
id12_0000_2.mp4,REAL
id12_0000_3.mp4,REAL
id12_0000_4.mp4,REAL
id12_0000_5.mp4,REAL
id12_0001.mp4,REAL
id12_0001_1.mp4,REAL
id12_0001_2.mp4,REAL
id12_0001_3.mp4,REAL
id12_0001_4.mp4,REAL
id12_0001_5.mp4,REAL
id12_0002.mp4,REAL
id12_0002_1.mp4,REAL
id12_0002_2.mp4,REAL
id12_0002_3.mp4,REAL
id12_0002_4.mp4,REAL
id12_0002_5.mp4,REAL
id12_0003.mp4,REAL
id12_0003_1.mp4,REAL
id12_0003_2.mp4,REAL
id12_0003_3.mp4,REAL
id12_0003_4.mp4,REAL
id12_0003_5.mp4,REAL
id12_0004.mp4,REAL
id12_0004_1.mp4,REAL
id12_0004_2.mp4,REAL
id12_0004_3.mp4,REAL
id12_0004_4.mp4,REAL
id12_0004_5.mp4,REAL
id12_0005.mp4,REAL
id12_0005_1.mp4,REAL
id12_0005_2.mp4,REAL
id12_0005_3.mp4,REAL
id12_0005_4.mp4,REAL
id12_0005_5.mp4,REAL
id12_0006.mp4,REAL
id12_0006_1.mp4,REAL
id12_0006_2.mp4,REAL
id12_0006_3.mp4,REAL
id12_0006_4.mp4,REAL
id12_0006_5.mp4,REAL
id13_0000.mp4,REAL
id13_0000_1.mp4,REAL
id13_0000_2.mp4,REAL
id13_0000_3.mp4,REAL
id13_0000_4.mp4,REAL
id13_0000_5.mp4,REAL
id13_0001.mp4,REAL
id13_0001_1.mp4,REAL
id13_0001_2.mp4,REAL
id13_0001_3.mp4,REAL
id13_0001_4.mp4,REAL
id13_0001_5.mp4,REAL
id13_0002.mp4,REAL
id13_0002_1.mp4,REAL
id13_0002_2.mp4,REAL
id13_0002_3.mp4,REAL
id13_0002_4.mp4,REAL
id13_0002_5.mp4,REAL
id13_0003.mp4,REAL
id13_0003_1.mp4,REAL
id13_0003_2.mp4,REAL
id13_0003_3.mp4,REAL
id13_0003_4.mp4,REAL
id13_0003_5.mp4,REAL
id13_0004.mp4,REAL
id13_0004_1.mp4,REAL
id13_0004_2.mp4,REAL
id13_0004_3.mp4,REAL
id13_0004_4.mp4,REAL
id13_0004_5.mp4,REAL
id13_0005.mp4,REAL
id13_0005_1.mp4,REAL
id13_0005_2.mp4,REAL
id13_0005_3.mp4,REAL
id13_0005_4.mp4,REAL
id13_0005_5.mp4,REAL
id13_0006.mp4,REAL
id13_0006_1.mp4,REAL
id13_0006_2.mp4,REAL
id13_0006_3.mp4,REAL
id13_0006_4.mp4,REAL
id13_0006_5.mp4,REAL
id13_0007.mp4,REAL
id13_0007_1.mp4,REAL
id13_0007_2.mp4,REAL
id13_0007_3.mp4,REAL
id13_0007_4.mp4,REAL
id13_0007_5.mp4,REAL
id13_0008.mp4,REAL
id13_0008_1.mp4,REAL
id13_0008_2.mp4,REAL
id13_0008_3.mp4,REAL
id13_0008_4.mp4,REAL
id13_0008_5.mp4,REAL
id13_0009.mp4,REAL
id13_0009_1.mp4,REAL
id13_0009_2.mp4,REAL
id13_0009_3.mp4,REAL
id13_0009_4.mp4,REAL
id13_0009_5.mp4,REAL
id13_0010.mp4,REAL
id13_0010_1.mp4,REAL
id13_0010_2.mp4,REAL
id13_0010_3.mp4,REAL
id13_0010_4.mp4,REAL
id13_0010_5.mp4,REAL
id13_0011.mp4,REAL
id13_0011_1.mp4,REAL
id13_0011_2.mp4,REAL
id13_0011_3.mp4,REAL
id13_0011_4.mp4,REAL
id13_0011_5.mp4,REAL
id13_0012.mp4,REAL
id13_0012_1.mp4,REAL
id13_0012_2.mp4,REAL
id13_0012_3.mp4,REAL
id13_0012_4.mp4,REAL
id13_0012_5.mp4,REAL
id13_0013.mp4,REAL
id13_0013_1.mp4,REAL
id13_0013_2.mp4,REAL
id13_0013_3.mp4,REAL
id13_0013_4.mp4,REAL
id13_0013_5.mp4,REAL
id13_0014.mp4,REAL
id13_0014_1.mp4,REAL
id13_0014_2.mp4,REAL
id13_0014_3.mp4,REAL
id13_0014_4.mp4,REAL
id13_0014_5.mp4,REAL
id13_0015.mp4,REAL
id13_0015_1.mp4,REAL
id13_0015_2.mp4,REAL
id13_0015_3.mp4,REAL
id13_0015_4.mp4,REAL
id13_0015_5.mp4,REAL
id16_0000.mp4,REAL
id16_0000_1.mp4,REAL
id16_0000_2.mp4,REAL
id16_0000_3.mp4,REAL
id16_0000_4.mp4,REAL
id16_0000_5.mp4,REAL
id16_0001.mp4,REAL
id16_0001_1.mp4,REAL
id16_0001_2.mp4,REAL
id16_0001_3.mp4,REAL
id16_0001_4.mp4,REAL
id16_0001_5.mp4,REAL
id16_0002.mp4,REAL
id16_0002_1.mp4,REAL
id16_0002_2.mp4,REAL
id16_0002_3.mp4,REAL
id16_0002_4.mp4,REAL
id16_0002_5.mp4,REAL
id16_0003.mp4,REAL
id16_0003_1.mp4,REAL
id16_0003_2.mp4,REAL
id16_0003_3.mp4,REAL
id16_0003_4.mp4,REAL
id16_0003_5.mp4,REAL
id16_0004.mp4,REAL
id16_0004_1.mp4,REAL
id16_0004_2.mp4,REAL
id16_0004_3.mp4,REAL
id16_0004_4.mp4,REAL
id16_0004_5.mp4,REAL
id16_0005.mp4,REAL
id16_0005_1.mp4,REAL
id16_0005_2.mp4,REAL
id16_0005_3.mp4,REAL
id16_0005_4.mp4,REAL
id16_0005_5.mp4,REAL
id16_0006.mp4,REAL
id16_0006_1.mp4,REAL
id16_0006_2.mp4,REAL
id16_0006_3.mp4,REAL
id16_0006_4.mp4,REAL
id16_0006_5.mp4,REAL
id16_0007.mp4,REAL
id16_0007_1.mp4,REAL
id16_0007_2.mp4,REAL
id16_0007_3.mp4,REAL
id16_0007_4.mp4,REAL
id16_0007_5.mp4,REAL
id16_0008.mp4,REAL
id16_0008_1.mp4,REAL
id16_0008_2.mp4,REAL
id16_0008_3.mp4,REAL
id16_0008_4.mp4,REAL
id16_0008_5.mp4,REAL
id16_0009.mp4,REAL
id16_0009_1.mp4,REAL
id16_0009_2.mp4,REAL
id16_0009_3.mp4,REAL
id16_0009_4.mp4,REAL
id16_0009_5.mp4,REAL
id16_0010.mp4,REAL
id16_0010_1.mp4,REAL
id16_0010_2.mp4,REAL
id16_0010_3.mp4,REAL
id16_0010_4.mp4,REAL
id16_0010_5.mp4,REAL
id16_0011.mp4,REAL
id16_0011_1.mp4,REAL
id16_0011_2.mp4,REAL
id16_0011_3.mp4,REAL
id16_0011_4.mp4,REAL
id16_0011_5.mp4,REAL
id16_0012.mp4,REAL
id16_0012_1.mp4,REAL
id16_0012_2.mp4,REAL
id16_0012_3.mp4,REAL
id16_0012_4.mp4,REAL
id16_0012_5.mp4,REAL
id16_0013.mp4,REAL
id16_0013_1.mp4,REAL
id16_0013_2.mp4,REAL
id16_0013_3.mp4,REAL
id16_0013_4.mp4,REAL
id16_0013_5.mp4,REAL
id17_0000.mp4,REAL
id17_0000_1.mp4,REAL
id17_0000_2.mp4,REAL
id17_0000_3.mp4,REAL
id17_0000_4.mp4,REAL
id17_0000_5.mp4,REAL
id17_0001.mp4,REAL
id17_0001_1.mp4,REAL
id17_0001_2.mp4,REAL
id17_0001_3.mp4,REAL
id17_0001_4.mp4,REAL
id17_0001_5.mp4,REAL
id17_0002.mp4,REAL
id17_0002_1.mp4,REAL
id17_0002_2.mp4,REAL
id17_0002_3.mp4,REAL
id17_0002_4.mp4,REAL
id17_0002_5.mp4,REAL
id17_0003.mp4,REAL
id17_0003_1.mp4,REAL
id17_0003_2.mp4,REAL
id17_0003_3.mp4,REAL
id17_0003_4.mp4,REAL
id17_0003_5.mp4,REAL
id17_0004.mp4,REAL
id17_0004_1.mp4,REAL
id17_0004_2.mp4,REAL
id17_0004_3.mp4,REAL
id17_0004_4.mp4,REAL
id17_0004_5.mp4,REAL
id17_0005.mp4,REAL
id17_0005_1.mp4,REAL
id17_0005_2.mp4,REAL
id17_0005_3.mp4,REAL
id17_0005_4.mp4,REAL
id17_0005_5.mp4,REAL
id17_0006.mp4,REAL
id17_0006_1.mp4,REAL
id17_0006_2.mp4,REAL
id17_0006_3.mp4,REAL
id17_0006_4.mp4,REAL
id17_0006_5.mp4,REAL
id17_0007.mp4,REAL
id17_0007_1.mp4,REAL
id17_0007_2.mp4,REAL
id17_0007_3.mp4,REAL
id17_0007_4.mp4,REAL
id17_0007_5.mp4,REAL
id17_0008.mp4,REAL
id17_0008_1.mp4,REAL
id17_0008_2.mp4,REAL
id17_0008_3.mp4,REAL
id17_0008_4.mp4,REAL
id17_0008_5.mp4,REAL
id17_0009.mp4,REAL
id17_0009_1.mp4,REAL
id17_0009_2.mp4,REAL
id17_0009_3.mp4,REAL
id17_0009_4.mp4,REAL
id17_0009_5.mp4,REAL
id19_0000.mp4,REAL
id19_0000_1.mp4,REAL
id19_0000_2.mp4,REAL
id19_0000_3.mp4,REAL
id19_0000_4.mp4,REAL
id19_0000_5.mp4,REAL
id19_0001.mp4,REAL
id19_0001_1.mp4,REAL
id19_0001_2.mp4,REAL
id19_0001_3.mp4,REAL
id19_0001_4.mp4,REAL
id19_0001_5.mp4,REAL
id19_0002.mp4,REAL
id19_0002_1.mp4,REAL
id19_0002_2.mp4,REAL
id19_0002_3.mp4,REAL
id19_0002_4.mp4,REAL
id19_0002_5.mp4,REAL
id19_0003.mp4,REAL
id19_0003_1.mp4,REAL
id19_0003_2.mp4,REAL
id19_0003_3.mp4,REAL
id19_0003_4.mp4,REAL
id19_0003_5.mp4,REAL
id19_0004.mp4,REAL
id19_0004_1.mp4,REAL
id19_0004_2.mp4,REAL
id19_0004_3.mp4,REAL
id19_0004_4.mp4,REAL
id19_0004_5.mp4,REAL
id19_0005.mp4,REAL
id19_0005_1.mp4,REAL
id19_0005_2.mp4,REAL
id19_0005_3.mp4,REAL
id19_0005_4.mp4,REAL
id19_0005_5.mp4,REAL
id19_0006.mp4,REAL
id19_0006_1.mp4,REAL
id19_0006_2.mp4,REAL
id19_0006_3.mp4,REAL
id19_0006_4.mp4,REAL
id19_0006_5.mp4,REAL
id19_0007.mp4,REAL
id19_0007_1.mp4,REAL
id19_0007_2.mp4,REAL
id19_0007_3.mp4,REAL
id19_0007_4.mp4,REAL
id19_0007_5.mp4,REAL
id19_0008.mp4,REAL
id19_0008_1.mp4,REAL
id19_0008_2.mp4,REAL
id19_0008_3.mp4,REAL
id19_0008_4.mp4,REAL
id19_0008_5.mp4,REAL
id19_0009.mp4,REAL
id19_0009_1.mp4,REAL
id19_0009_2.mp4,REAL
id19_0009_3.mp4,REAL
id19_0009_4.mp4,REAL
id19_0009_5.mp4,REAL
id1_0000.mp4,REAL
id1_0000_1.mp4,REAL
id1_0000_2.mp4,REAL
id1_0000_3.mp4,REAL
id1_0000_4.mp4,REAL
id1_0000_5.mp4,REAL
id1_0001.mp4,REAL
id1_0001_1.mp4,REAL
id1_0001_2.mp4,REAL
id1_0001_3.mp4,REAL
id1_0001_4.mp4,REAL
id1_0001_5.mp4,REAL
id1_0002.mp4,REAL
id1_0002_1.mp4,REAL
id1_0002_2.mp4,REAL
id1_0002_3.mp4,REAL
id1_0002_4.mp4,REAL
id1_0002_5.mp4,REAL
id1_0003.mp4,REAL
id1_0003_1.mp4,REAL
id1_0003_2.mp4,REAL
id1_0003_3.mp4,REAL
id1_0003_4.mp4,REAL
id1_0003_5.mp4,REAL
id1_0004.mp4,REAL
id1_0004_1.mp4,REAL
id1_0004_2.mp4,REAL
id1_0004_3.mp4,REAL
id1_0004_4.mp4,REAL
id1_0004_5.mp4,REAL
id1_0005.mp4,REAL
id1_0005_1.mp4,REAL
id1_0005_2.mp4,REAL
id1_0005_3.mp4,REAL
id1_0005_4.mp4,REAL
id1_0005_5.mp4,REAL
id1_0006.mp4,REAL
id1_0006_1.mp4,REAL
id1_0006_2.mp4,REAL
id1_0006_3.mp4,REAL
id1_0006_4.mp4,REAL
id1_0006_5.mp4,REAL
id1_0007.mp4,REAL
id1_0007_1.mp4,REAL
id1_0007_2.mp4,REAL
id1_0007_3.mp4,REAL
id1_0007_4.mp4,REAL
id1_0007_5.mp4,REAL
id1_0008.mp4,REAL
id1_0008_1.mp4,REAL
id1_0008_2.mp4,REAL
id1_0008_3.mp4,REAL
id1_0008_4.mp4,REAL
id1_0008_5.mp4,REAL
id1_0009.mp4,REAL
id1_0009_1.mp4,REAL
id1_0009_2.mp4,REAL
id1_0009_3.mp4,REAL
id1_0009_4.mp4,REAL
id1_0009_5.mp4,REAL
id20_0000.mp4,REAL
id20_0000_1.mp4,REAL
id20_0000_2.mp4,REAL
id20_0000_3.mp4,REAL
id20_0000_4.mp4,REAL
id20_0000_5.mp4,REAL
id20_0001.mp4,REAL
id20_0001_1.mp4,REAL
id20_0001_2.mp4,REAL
id20_0001_3.mp4,REAL
id20_0001_4.mp4,REAL
id20_0001_5.mp4,REAL
id20_0002.mp4,REAL
id20_0002_1.mp4,REAL
id20_0002_2.mp4,REAL
id20_0002_3.mp4,REAL
id20_0002_4.mp4,REAL
id20_0002_5.mp4,REAL
id20_0003.mp4,REAL
id20_0003_1.mp4,REAL
id20_0003_2.mp4,REAL
id20_0003_3.mp4,REAL
id20_0003_4.mp4,REAL
id20_0003_5.mp4,REAL
id20_0004.mp4,REAL
id20_0004_1.mp4,REAL
id20_0004_2.mp4,REAL
id20_0004_3.mp4,REAL
id20_0004_4.mp4,REAL
id20_0004_5.mp4,REAL
id20_0005.mp4,REAL
id20_0005_1.mp4,REAL
id20_0005_2.mp4,REAL
id20_0005_3.mp4,REAL
id20_0005_4.mp4,REAL
id20_0005_5.mp4,REAL
id20_0006.mp4,REAL
id20_0006_1.mp4,REAL
id20_0006_2.mp4,REAL
id20_0006_3.mp4,REAL
id20_0006_4.mp4,REAL
id20_0006_5.mp4,REAL
id20_0007.mp4,REAL
id20_0007_1.mp4,REAL
id20_0007_2.mp4,REAL
id20_0007_3.mp4,REAL
id20_0007_4.mp4,REAL
id20_0007_5.mp4,REAL
id20_0008.mp4,REAL
id20_0008_1.mp4,REAL
id20_0008_2.mp4,REAL
id20_0008_3.mp4,REAL
id20_0008_4.mp4,REAL
id20_0008_5.mp4,REAL
id20_0009.mp4,REAL
id20_0009_1.mp4,REAL
id20_0009_2.mp4,REAL
id20_0009_3.mp4,REAL
id20_0009_4.mp4,REAL
id20_0009_5.mp4,REAL
id21_0000.mp4,REAL
id21_0000_1.mp4,REAL
id21_0000_2.mp4,REAL
id21_0000_3.mp4,REAL
id21_0000_4.mp4,REAL
id21_0000_5.mp4,REAL
id21_0001.mp4,REAL
id21_0001_1.mp4,REAL
id21_0001_2.mp4,REAL
id21_0001_3.mp4,REAL
id21_0001_4.mp4,REAL
id21_0001_5.mp4,REAL
id21_0002.mp4,REAL
id21_0002_1.mp4,REAL
id21_0002_2.mp4,REAL
id21_0002_3.mp4,REAL
id21_0002_4.mp4,REAL
id21_0002_5.mp4,REAL
id21_0003.mp4,REAL
id21_0003_1.mp4,REAL
id21_0003_2.mp4,REAL
id21_0003_3.mp4,REAL
id21_0003_4.mp4,REAL
id21_0003_5.mp4,REAL
id21_0004.mp4,REAL
id21_0004_1.mp4,REAL
id21_0004_2.mp4,REAL
id21_0004_3.mp4,REAL
id21_0004_4.mp4,REAL
id21_0004_5.mp4,REAL
id21_0005.mp4,REAL
id21_0005_1.mp4,REAL
id21_0005_2.mp4,REAL
id21_0005_3.mp4,REAL
id21_0005_4.mp4,REAL
id21_0005_5.mp4,REAL
id21_0006.mp4,REAL
id21_0006_1.mp4,REAL
id21_0006_2.mp4,REAL
id21_0006_3.mp4,REAL
id21_0006_4.mp4,REAL
id21_0006_5.mp4,REAL
id21_0007.mp4,REAL
id21_0007_1.mp4,REAL
id21_0007_2.mp4,REAL
id21_0007_3.mp4,REAL
id21_0007_4.mp4,REAL
id21_0007_5.mp4,REAL
id21_0008.mp4,REAL
id21_0008_1.mp4,REAL
id21_0008_2.mp4,REAL
id21_0008_3.mp4,REAL
id21_0008_4.mp4,REAL
id21_0008_5.mp4,REAL
id21_0009.mp4,REAL
id21_0009_1.mp4,REAL
id21_0009_2.mp4,REAL
id21_0009_3.mp4,REAL
id21_0009_4.mp4,REAL
id21_0009_5.mp4,REAL
id22_0000.mp4,REAL
id22_0000_1.mp4,REAL
id22_0000_2.mp4,REAL
id22_0000_3.mp4,REAL
id22_0000_4.mp4,REAL
id22_0000_5.mp4,REAL
id22_0001.mp4,REAL
id22_0001_1.mp4,REAL
id22_0001_2.mp4,REAL
id22_0001_3.mp4,REAL
id22_0001_4.mp4,REAL
id22_0001_5.mp4,REAL
id22_0002.mp4,REAL
id22_0002_1.mp4,REAL
id22_0002_2.mp4,REAL
id22_0002_3.mp4,REAL
id22_0002_4.mp4,REAL
id22_0002_5.mp4,REAL
id22_0003.mp4,REAL
id22_0003_1.mp4,REAL
id22_0003_2.mp4,REAL
id22_0003_3.mp4,REAL
id22_0003_4.mp4,REAL
id22_0003_5.mp4,REAL
id22_0004.mp4,REAL
id22_0004_1.mp4,REAL
id22_0004_2.mp4,REAL
id22_0004_3.mp4,REAL
id22_0004_4.mp4,REAL
id22_0004_5.mp4,REAL
id22_0005.mp4,REAL
id22_0005_1.mp4,REAL
id22_0005_2.mp4,REAL
id22_0005_3.mp4,REAL
id22_0005_4.mp4,REAL
id22_0005_5.mp4,REAL
id22_0006.mp4,REAL
id22_0006_1.mp4,REAL
id22_0006_2.mp4,REAL
id22_0006_3.mp4,REAL
id22_0006_4.mp4,REAL
id22_0006_5.mp4,REAL
id22_0007.mp4,REAL
id22_0007_1.mp4,REAL
id22_0007_2.mp4,REAL
id22_0007_3.mp4,REAL
id22_0007_4.mp4,REAL
id22_0007_5.mp4,REAL
id22_0008.mp4,REAL
id22_0008_1.mp4,REAL
id22_0008_2.mp4,REAL
id22_0008_3.mp4,REAL
id22_0008_4.mp4,REAL
id22_0008_5.mp4,REAL
id22_0009.mp4,REAL
id22_0009_1.mp4,REAL
id22_0009_2.mp4,REAL
id22_0009_3.mp4,REAL
id22_0009_4.mp4,REAL
id22_0009_5.mp4,REAL
id23_0000.mp4,REAL
id23_0000_1.mp4,REAL
id23_0000_2.mp4,REAL
id23_0000_3.mp4,REAL
id23_0000_4.mp4,REAL
id23_0000_5.mp4,REAL
id23_0001.mp4,REAL
id23_0001_1.mp4,REAL
id23_0001_2.mp4,REAL
id23_0001_3.mp4,REAL
id23_0001_4.mp4,REAL
id23_0001_5.mp4,REAL
id23_0002.mp4,REAL
id23_0002_1.mp4,REAL
id23_0002_2.mp4,REAL
id23_0002_3.mp4,REAL
id23_0002_4.mp4,REAL
id23_0002_5.mp4,REAL
id23_0003.mp4,REAL
id23_0003_1.mp4,REAL
id23_0003_2.mp4,REAL
id23_0003_3.mp4,REAL
id23_0003_4.mp4,REAL
id23_0003_5.mp4,REAL
id23_0004.mp4,REAL
id23_0004_1.mp4,REAL
id23_0004_2.mp4,REAL
id23_0004_3.mp4,REAL
id23_0004_4.mp4,REAL
id23_0004_5.mp4,REAL
id23_0005.mp4,REAL
id23_0005_1.mp4,REAL
id23_0005_2.mp4,REAL
id23_0005_3.mp4,REAL
id23_0005_4.mp4,REAL
id23_0005_5.mp4,REAL
id23_0006.mp4,REAL
id23_0006_1.mp4,REAL
id23_0006_2.mp4,REAL
id23_0006_3.mp4,REAL
id23_0006_4.mp4,REAL
id23_0006_5.mp4,REAL
id23_0007.mp4,REAL
id23_0007_1.mp4,REAL
id23_0007_2.mp4,REAL
id23_0007_3.mp4,REAL
id23_0007_4.mp4,REAL
id23_0007_5.mp4,REAL
id23_0008.mp4,REAL
id23_0008_1.mp4,REAL
id23_0008_2.mp4,REAL
id23_0008_3.mp4,REAL
id23_0008_4.mp4,REAL
id23_0008_5.mp4,REAL
id23_0009.mp4,REAL
id23_0009_1.mp4,REAL
id23_0009_2.mp4,REAL
id23_0009_3.mp4,REAL
id23_0009_4.mp4,REAL
id23_0009_5.mp4,REAL
id24_0000.mp4,REAL
id24_0000_1.mp4,REAL
id24_0000_2.mp4,REAL
id24_0000_3.mp4,REAL
id24_0000_4.mp4,REAL
id24_0000_5.mp4,REAL
id24_0001.mp4,REAL
id24_0001_1.mp4,REAL
id24_0001_2.mp4,REAL
id24_0001_3.mp4,REAL
id24_0001_4.mp4,REAL
id24_0001_5.mp4,REAL
id24_0002.mp4,REAL
id24_0002_1.mp4,REAL
id24_0002_2.mp4,REAL
id24_0002_3.mp4,REAL
id24_0002_4.mp4,REAL
id24_0002_5.mp4,REAL
id24_0003.mp4,REAL
id24_0003_1.mp4,REAL
id24_0003_2.mp4,REAL
id24_0003_3.mp4,REAL
id24_0003_4.mp4,REAL
id24_0003_5.mp4,REAL
id24_0004.mp4,REAL
id24_0004_1.mp4,REAL
id24_0004_2.mp4,REAL
id24_0004_3.mp4,REAL
id24_0004_4.mp4,REAL
id24_0004_5.mp4,REAL
id24_0005.mp4,REAL
id24_0005_1.mp4,REAL
id24_0005_2.mp4,REAL
id24_0005_3.mp4,REAL
id24_0005_4.mp4,REAL
id24_0005_5.mp4,REAL
id24_0006.mp4,REAL
id24_0006_1.mp4,REAL
id24_0006_2.mp4,REAL
id24_0006_3.mp4,REAL
id24_0006_4.mp4,REAL
id24_0006_5.mp4,REAL
id24_0007.mp4,REAL
id24_0007_1.mp4,REAL
id24_0007_2.mp4,REAL
id24_0007_3.mp4,REAL
id24_0007_4.mp4,REAL
id24_0007_5.mp4,REAL
id24_0008.mp4,REAL
id24_0008_1.mp4,REAL
id24_0008_2.mp4,REAL
id24_0008_3.mp4,REAL
id24_0008_4.mp4,REAL
id24_0008_5.mp4,REAL
id24_0009.mp4,REAL
id24_0009_1.mp4,REAL
id24_0009_2.mp4,REAL
id24_0009_3.mp4,REAL
id24_0009_4.mp4,REAL
id24_0009_5.mp4,REAL
id25_0000.mp4,REAL
id25_0000_1.mp4,REAL
id25_0000_2.mp4,REAL
id25_0000_3.mp4,REAL
id25_0000_4.mp4,REAL
id25_0000_5.mp4,REAL
id25_0001.mp4,REAL
id25_0001_1.mp4,REAL
id25_0001_2.mp4,REAL
id25_0001_3.mp4,REAL
id25_0001_4.mp4,REAL
id25_0001_5.mp4,REAL
id25_0002.mp4,REAL
id25_0002_1.mp4,REAL
id25_0002_2.mp4,REAL
id25_0002_3.mp4,REAL
id25_0002_4.mp4,REAL
id25_0002_5.mp4,REAL
id25_0003.mp4,REAL
id25_0003_1.mp4,REAL
id25_0003_2.mp4,REAL
id25_0003_3.mp4,REAL
id25_0003_4.mp4,REAL
id25_0003_5.mp4,REAL
id25_0004.mp4,REAL
id25_0004_1.mp4,REAL
id25_0004_2.mp4,REAL
id25_0004_3.mp4,REAL
id25_0004_4.mp4,REAL
id25_0004_5.mp4,REAL
id25_0005.mp4,REAL
id25_0005_1.mp4,REAL
id25_0005_2.mp4,REAL
id25_0005_3.mp4,REAL
id25_0005_4.mp4,REAL
id25_0005_5.mp4,REAL
id25_0006.mp4,REAL
id25_0006_1.mp4,REAL
id25_0006_2.mp4,REAL
id25_0006_3.mp4,REAL
id25_0006_4.mp4,REAL
id25_0006_5.mp4,REAL
id25_0007.mp4,REAL
id25_0007_1.mp4,REAL
id25_0007_2.mp4,REAL
id25_0007_3.mp4,REAL
id25_0007_4.mp4,REAL
id25_0007_5.mp4,REAL
id25_0008.mp4,REAL
id25_0008_1.mp4,REAL
id25_0008_2.mp4,REAL
id25_0008_3.mp4,REAL
id25_0008_4.mp4,REAL
id25_0008_5.mp4,REAL
id25_0009.mp4,REAL
id25_0009_1.mp4,REAL
id25_0009_2.mp4,REAL
id25_0009_3.mp4,REAL
id25_0009_4.mp4,REAL
id25_0009_5.mp4,REAL
id25_0010.mp4,REAL
id25_0010_1.mp4,REAL
id25_0010_2.mp4,REAL
id25_0010_3.mp4,REAL
id25_0010_4.mp4,REAL
id25_0010_5.mp4,REAL
id26_0000.mp4,REAL
id26_0000_1.mp4,REAL
id26_0000_2.mp4,REAL
id26_0000_3.mp4,REAL
id26_0000_4.mp4,REAL
id26_0000_5.mp4,REAL
id26_0001.mp4,REAL
id26_0001_1.mp4,REAL
id26_0001_2.mp4,REAL
id26_0001_3.mp4,REAL
id26_0001_4.mp4,REAL
id26_0001_5.mp4,REAL
id26_0002.mp4,REAL
id26_0002_1.mp4,REAL
id26_0002_2.mp4,REAL
id26_0002_3.mp4,REAL
id26_0002_4.mp4,REAL
id26_0002_5.mp4,REAL
id26_0003.mp4,REAL
id26_0003_1.mp4,REAL
id26_0003_2.mp4,REAL
id26_0003_3.mp4,REAL
id26_0003_4.mp4,REAL
id26_0003_5.mp4,REAL
id26_0004.mp4,REAL
id26_0004_1.mp4,REAL
id26_0004_2.mp4,REAL
id26_0004_3.mp4,REAL
id26_0004_4.mp4,REAL
id26_0004_5.mp4,REAL
id26_0005.mp4,REAL
id26_0005_1.mp4,REAL
id26_0005_2.mp4,REAL
id26_0005_3.mp4,REAL
id26_0005_4.mp4,REAL
id26_0005_5.mp4,REAL
id26_0006.mp4,REAL
id26_0006_1.mp4,REAL
id26_0006_2.mp4,REAL
id26_0006_3.mp4,REAL
id26_0006_4.mp4,REAL
id26_0006_5.mp4,REAL
id26_0007.mp4,REAL
id26_0007_1.mp4,REAL
id26_0007_2.mp4,REAL
id26_0007_3.mp4,REAL
id26_0007_4.mp4,REAL
id26_0007_5.mp4,REAL
id26_0008.mp4,REAL
id26_0008_1.mp4,REAL
id26_0008_2.mp4,REAL
id26_0008_3.mp4,REAL
id26_0008_4.mp4,REAL
id26_0008_5.mp4,REAL
id26_0009.mp4,REAL
id26_0009_1.mp4,REAL
id26_0009_2.mp4,REAL
id26_0009_3.mp4,REAL
id26_0009_4.mp4,REAL
id26_0009_5.mp4,REAL
id27_0000.mp4,REAL
id27_0000_1.mp4,REAL
id27_0000_2.mp4,REAL
id27_0000_3.mp4,REAL
id27_0000_4.mp4,REAL
id27_0000_5.mp4,REAL
id27_0001.mp4,REAL
id27_0001_1.mp4,REAL
id27_0001_2.mp4,REAL
id27_0001_3.mp4,REAL
id27_0001_4.mp4,REAL
id27_0001_5.mp4,REAL
id27_0002.mp4,REAL
id27_0002_1.mp4,REAL
id27_0002_2.mp4,REAL
id27_0002_3.mp4,REAL
id27_0002_4.mp4,REAL
id27_0002_5.mp4,REAL
id27_0003.mp4,REAL
id27_0003_1.mp4,REAL
id27_0003_2.mp4,REAL
id27_0003_3.mp4,REAL
id27_0003_4.mp4,REAL
id27_0003_5.mp4,REAL
id27_0004.mp4,REAL
id27_0004_1.mp4,REAL
id27_0004_2.mp4,REAL
id27_0004_3.mp4,REAL
id27_0004_4.mp4,REAL
id27_0004_5.mp4,REAL
id27_0005.mp4,REAL
id27_0005_1.mp4,REAL
id27_0005_2.mp4,REAL
id27_0005_3.mp4,REAL
id27_0005_4.mp4,REAL
id27_0005_5.mp4,REAL
id27_0006.mp4,REAL
id27_0006_1.mp4,REAL
id27_0006_2.mp4,REAL
id27_0006_3.mp4,REAL
id27_0006_4.mp4,REAL
id27_0006_5.mp4,REAL
id27_0007.mp4,REAL
id27_0007_1.mp4,REAL
id27_0007_2.mp4,REAL
id27_0007_3.mp4,REAL
id27_0007_4.mp4,REAL
id27_0007_5.mp4,REAL
id27_0008.mp4,REAL
id27_0008_1.mp4,REAL
id27_0008_2.mp4,REAL
id27_0008_3.mp4,REAL
id27_0008_4.mp4,REAL
id27_0008_5.mp4,REAL
id27_0009.mp4,REAL
id27_0009_1.mp4,REAL
id27_0009_2.mp4,REAL
id27_0009_3.mp4,REAL
id27_0009_4.mp4,REAL
id27_0009_5.mp4,REAL
id28_0000.mp4,REAL
id28_0000_1.mp4,REAL
id28_0000_2.mp4,REAL
id28_0000_3.mp4,REAL
id28_0000_4.mp4,REAL
id28_0000_5.mp4,REAL
id28_0001.mp4,REAL
id28_0001_1.mp4,REAL
id28_0001_2.mp4,REAL
id28_0001_3.mp4,REAL
id28_0001_4.mp4,REAL
id28_0001_5.mp4,REAL
id28_0002.mp4,REAL
id28_0002_1.mp4,REAL
id28_0002_2.mp4,REAL
id28_0002_3.mp4,REAL
id28_0002_4.mp4,REAL
id28_0002_5.mp4,REAL
id28_0003.mp4,REAL
id28_0003_1.mp4,REAL
id28_0003_2.mp4,REAL
id28_0003_3.mp4,REAL
id28_0003_4.mp4,REAL
id28_0003_5.mp4,REAL
id28_0004.mp4,REAL
id28_0004_1.mp4,REAL
id28_0004_2.mp4,REAL
id28_0004_3.mp4,REAL
id28_0004_4.mp4,REAL
id28_0004_5.mp4,REAL
id28_0005.mp4,REAL
id28_0005_1.mp4,REAL
id28_0005_2.mp4,REAL
id28_0005_3.mp4,REAL
id28_0005_4.mp4,REAL
id28_0005_5.mp4,REAL
id28_0006.mp4,REAL
id28_0006_1.mp4,REAL
id28_0006_2.mp4,REAL
id28_0006_3.mp4,REAL
id28_0006_4.mp4,REAL
id28_0006_5.mp4,REAL
id28_0007.mp4,REAL
id28_0007_1.mp4,REAL
id28_0007_2.mp4,REAL
id28_0007_3.mp4,REAL
id28_0007_4.mp4,REAL
id28_0007_5.mp4,REAL
id28_0008.mp4,REAL
id28_0008_1.mp4,REAL
id28_0008_2.mp4,REAL
id28_0008_3.mp4,REAL
id28_0008_4.mp4,REAL
id28_0008_5.mp4,REAL
id28_0009.mp4,REAL
id28_0009_1.mp4,REAL
id28_0009_2.mp4,REAL
id28_0009_3.mp4,REAL
id28_0009_4.mp4,REAL
id28_0009_5.mp4,REAL
id29_0000.mp4,REAL
id29_0000_1.mp4,REAL
id29_0000_2.mp4,REAL
id29_0000_3.mp4,REAL
id29_0000_4.mp4,REAL
id29_0000_5.mp4,REAL
id29_0001.mp4,REAL
id29_0001_1.mp4,REAL
id29_0001_2.mp4,REAL
id29_0001_3.mp4,REAL
id29_0001_4.mp4,REAL
id29_0001_5.mp4,REAL
id29_0002.mp4,REAL
id29_0002_1.mp4,REAL
id29_0002_2.mp4,REAL
id29_0002_3.mp4,REAL
id29_0002_4.mp4,REAL
id29_0002_5.mp4,REAL
id29_0003.mp4,REAL
id29_0003_1.mp4,REAL
id29_0003_2.mp4,REAL
id29_0003_3.mp4,REAL
id29_0003_4.mp4,REAL
id29_0003_5.mp4,REAL
id29_0004.mp4,REAL
id29_0004_1.mp4,REAL
id29_0004_2.mp4,REAL
id29_0004_3.mp4,REAL
id29_0004_4.mp4,REAL
id29_0004_5.mp4,REAL
id29_0005.mp4,REAL
id29_0005_1.mp4,REAL
id29_0005_2.mp4,REAL
id29_0005_3.mp4,REAL
id29_0005_4.mp4,REAL
id29_0005_5.mp4,REAL
id29_0006.mp4,REAL
id29_0006_1.mp4,REAL
id29_0006_2.mp4,REAL
id29_0006_3.mp4,REAL
id29_0006_4.mp4,REAL
id29_0006_5.mp4,REAL
id29_0007.mp4,REAL
id29_0007_1.mp4,REAL
id29_0007_2.mp4,REAL
id29_0007_3.mp4,REAL
id29_0007_4.mp4,REAL
id29_0007_5.mp4,REAL
id29_0008.mp4,REAL
id29_0008_1.mp4,REAL
id29_0008_2.mp4,REAL
id29_0008_3.mp4,REAL
id29_0008_4.mp4,REAL
id29_0008_5.mp4,REAL
id29_0009.mp4,REAL
id29_0009_1.mp4,REAL
id29_0009_2.mp4,REAL
id29_0009_3.mp4,REAL
id29_0009_4.mp4,REAL
id29_0009_5.mp4,REAL
id2_0000.mp4,REAL
id2_0000_1.mp4,REAL
id2_0000_2.mp4,REAL
id2_0000_3.mp4,REAL
id2_0000_4.mp4,REAL
id2_0000_5.mp4,REAL
id2_0001.mp4,REAL
id2_0001_1.mp4,REAL
id2_0001_2.mp4,REAL
id2_0001_3.mp4,REAL
id2_0001_4.mp4,REAL
id2_0001_5.mp4,REAL
id2_0002.mp4,REAL
id2_0002_1.mp4,REAL
id2_0002_2.mp4,REAL
id2_0002_3.mp4,REAL
id2_0002_4.mp4,REAL
id2_0002_5.mp4,REAL
id2_0003.mp4,REAL
id2_0003_1.mp4,REAL
id2_0003_2.mp4,REAL
id2_0003_3.mp4,REAL
id2_0003_4.mp4,REAL
id2_0003_5.mp4,REAL
id2_0004.mp4,REAL
id2_0004_1.mp4,REAL
id2_0004_2.mp4,REAL
id2_0004_3.mp4,REAL
id2_0004_4.mp4,REAL
id2_0004_5.mp4,REAL
id2_0005.mp4,REAL
id2_0005_1.mp4,REAL
id2_0005_2.mp4,REAL
id2_0005_3.mp4,REAL
id2_0005_4.mp4,REAL
id2_0005_5.mp4,REAL
id2_0006.mp4,REAL
id2_0006_1.mp4,REAL
id2_0006_2.mp4,REAL
id2_0006_3.mp4,REAL
id2_0006_4.mp4,REAL
id2_0006_5.mp4,REAL
id2_0007.mp4,REAL
id2_0007_1.mp4,REAL
id2_0007_2.mp4,REAL
id2_0007_3.mp4,REAL
id2_0007_4.mp4,REAL
id2_0007_5.mp4,REAL
id2_0008.mp4,REAL
id2_0008_1.mp4,REAL
id2_0008_2.mp4,REAL
id2_0008_3.mp4,REAL
id2_0008_4.mp4,REAL
id2_0008_5.mp4,REAL
id2_0009.mp4,REAL
id2_0009_1.mp4,REAL
id2_0009_2.mp4,REAL
id2_0009_3.mp4,REAL
id2_0009_4.mp4,REAL
id2_0009_5.mp4,REAL
id30_0000.mp4,REAL
id30_0000_1.mp4,REAL
id30_0000_2.mp4,REAL
id30_0000_3.mp4,REAL
id30_0000_4.mp4,REAL
id30_0000_5.mp4,REAL
id30_0001.mp4,REAL
id30_0001_1.mp4,REAL
id30_0001_2.mp4,REAL
id30_0001_3.mp4,REAL
id30_0001_4.mp4,REAL
id30_0001_5.mp4,REAL
id30_0002.mp4,REAL
id30_0002_1.mp4,REAL
id30_0002_2.mp4,REAL
id30_0002_3.mp4,REAL
id30_0002_4.mp4,REAL
id30_0002_5.mp4,REAL
id30_0003.mp4,REAL
id30_0003_1.mp4,REAL
id30_0003_2.mp4,REAL
id30_0003_3.mp4,REAL
id30_0003_4.mp4,REAL
id30_0003_5.mp4,REAL
id30_0004.mp4,REAL
id30_0004_1.mp4,REAL
id30_0004_2.mp4,REAL
id30_0004_3.mp4,REAL
id30_0004_4.mp4,REAL
id30_0004_5.mp4,REAL
id30_0005.mp4,REAL
id30_0005_1.mp4,REAL
id30_0005_2.mp4,REAL
id30_0005_3.mp4,REAL
id30_0005_4.mp4,REAL
id30_0005_5.mp4,REAL
id30_0006.mp4,REAL
id30_0006_1.mp4,REAL
id30_0006_2.mp4,REAL
id30_0006_3.mp4,REAL
id30_0006_4.mp4,REAL
id30_0006_5.mp4,REAL
id30_0007.mp4,REAL
id30_0007_1.mp4,REAL
id30_0007_2.mp4,REAL
id30_0007_3.mp4,REAL
id30_0007_4.mp4,REAL
id30_0007_5.mp4,REAL
id30_0008.mp4,REAL
id30_0008_1.mp4,REAL
id30_0008_2.mp4,REAL
id30_0008_3.mp4,REAL
id30_0008_4.mp4,REAL
id30_0008_5.mp4,REAL
id30_0009.mp4,REAL
id30_0009_1.mp4,REAL
id30_0009_2.mp4,REAL
id30_0009_3.mp4,REAL
id30_0009_4.mp4,REAL
id30_0009_5.mp4,REAL
id31_0000.mp4,REAL
id31_0000_1.mp4,REAL
id31_0000_2.mp4,REAL
id31_0000_3.mp4,REAL
id31_0000_4.mp4,REAL
id31_0000_5.mp4,REAL
id31_0001.mp4,REAL
id31_0001_1.mp4,REAL
id31_0001_2.mp4,REAL
id31_0001_3.mp4,REAL
id31_0001_4.mp4,REAL
id31_0001_5.mp4,REAL
id31_0002.mp4,REAL
id31_0002_1.mp4,REAL
id31_0002_2.mp4,REAL
id31_0002_3.mp4,REAL
id31_0002_4.mp4,REAL
id31_0002_5.mp4,REAL
id31_0003.mp4,REAL
id31_0003_1.mp4,REAL
id31_0003_2.mp4,REAL
id31_0003_3.mp4,REAL
id31_0003_4.mp4,REAL
id31_0003_5.mp4,REAL
id31_0004.mp4,REAL
id31_0004_1.mp4,REAL
id31_0004_2.mp4,REAL
id31_0004_3.mp4,REAL
id31_0004_4.mp4,REAL
id31_0004_5.mp4,REAL
id31_0005.mp4,REAL
id31_0005_1.mp4,REAL
id31_0005_2.mp4,REAL
id31_0005_3.mp4,REAL
id31_0005_4.mp4,REAL
id31_0005_5.mp4,REAL
id31_0006.mp4,REAL
id31_0006_1.mp4,REAL
id31_0006_2.mp4,REAL
id31_0006_3.mp4,REAL
id31_0006_4.mp4,REAL
id31_0006_5.mp4,REAL
id31_0007.mp4,REAL
id31_0007_1.mp4,REAL
id31_0007_2.mp4,REAL
id31_0007_3.mp4,REAL
id31_0007_4.mp4,REAL
id31_0007_5.mp4,REAL
id31_0008.mp4,REAL
id31_0008_1.mp4,REAL
id31_0008_2.mp4,REAL
id31_0008_3.mp4,REAL
id31_0008_4.mp4,REAL
id31_0008_5.mp4,REAL
id31_0009.mp4,REAL
id31_0009_1.mp4,REAL
id31_0009_2.mp4,REAL
id31_0009_3.mp4,REAL
id31_0009_4.mp4,REAL
id31_0009_5.mp4,REAL
id32_0000.mp4,REAL
id32_0000_1.mp4,REAL
id32_0000_2.mp4,REAL
id32_0000_3.mp4,REAL
id32_0000_4.mp4,REAL
id32_0000_5.mp4,REAL
id32_0001.mp4,REAL
id32_0001_1.mp4,REAL
id32_0001_2.mp4,REAL
id32_0001_3.mp4,REAL
id32_0001_4.mp4,REAL
id32_0001_5.mp4,REAL
id32_0002.mp4,REAL
id32_0002_1.mp4,REAL
id32_0002_2.mp4,REAL
id32_0002_3.mp4,REAL
id32_0002_4.mp4,REAL
id32_0002_5.mp4,REAL
id32_0003.mp4,REAL
id32_0003_1.mp4,REAL
id32_0003_2.mp4,REAL
id32_0003_3.mp4,REAL
id32_0003_4.mp4,REAL
id32_0003_5.mp4,REAL
id32_0004.mp4,REAL
id32_0004_1.mp4,REAL
id32_0004_2.mp4,REAL
id32_0004_3.mp4,REAL
id32_0004_4.mp4,REAL
id32_0004_5.mp4,REAL
id32_0005.mp4,REAL
id32_0005_1.mp4,REAL
id32_0005_2.mp4,REAL
id32_0005_3.mp4,REAL
id32_0005_4.mp4,REAL
id32_0005_5.mp4,REAL
id32_0006.mp4,REAL
id32_0006_1.mp4,REAL
id32_0006_2.mp4,REAL
id32_0006_3.mp4,REAL
id32_0006_4.mp4,REAL
id32_0006_5.mp4,REAL
id32_0007.mp4,REAL
id32_0007_1.mp4,REAL
id32_0007_2.mp4,REAL
id32_0007_3.mp4,REAL
id32_0007_4.mp4,REAL
id32_0007_5.mp4,REAL
id32_0008.mp4,REAL
id32_0008_1.mp4,REAL
id32_0008_2.mp4,REAL
id32_0008_3.mp4,REAL
id32_0008_4.mp4,REAL
id32_0008_5.mp4,REAL
id32_0009.mp4,REAL
id32_0009_1.mp4,REAL
id32_0009_2.mp4,REAL
id32_0009_3.mp4,REAL
id32_0009_4.mp4,REAL
id32_0009_5.mp4,REAL
id33_0000.mp4,REAL
id33_0000_1.mp4,REAL
id33_0000_2.mp4,REAL
id33_0000_3.mp4,REAL
id33_0000_4.mp4,REAL
id33_0000_5.mp4,REAL
id33_0001.mp4,REAL
id33_0001_1.mp4,REAL
id33_0001_2.mp4,REAL
id33_0001_3.mp4,REAL
id33_0001_4.mp4,REAL
id33_0001_5.mp4,REAL
id33_0002.mp4,REAL
id33_0002_1.mp4,REAL
id33_0002_2.mp4,REAL
id33_0002_3.mp4,REAL
id33_0002_4.mp4,REAL
id33_0002_5.mp4,REAL
id33_0003.mp4,REAL
id33_0003_1.mp4,REAL
id33_0003_2.mp4,REAL
id33_0003_3.mp4,REAL
id33_0003_4.mp4,REAL
id33_0003_5.mp4,REAL
id33_0004.mp4,REAL
id33_0004_1.mp4,REAL
id33_0004_2.mp4,REAL
id33_0004_3.mp4,REAL
id33_0004_4.mp4,REAL
id33_0004_5.mp4,REAL
id33_0005.mp4,REAL
id33_0005_1.mp4,REAL
id33_0005_2.mp4,REAL
id33_0005_3.mp4,REAL
id33_0005_4.mp4,REAL
id33_0005_5.mp4,REAL
id33_0006.mp4,REAL
id33_0006_1.mp4,REAL
id33_0006_2.mp4,REAL
id33_0006_3.mp4,REAL
id33_0006_4.mp4,REAL
id33_0006_5.mp4,REAL
id33_0007.mp4,REAL
id33_0007_1.mp4,REAL
id33_0007_2.mp4,REAL
id33_0007_3.mp4,REAL
id33_0007_4.mp4,REAL
id33_0007_5.mp4,REAL
id33_0008.mp4,REAL
id33_0008_1.mp4,REAL
id33_0008_2.mp4,REAL
id33_0008_3.mp4,REAL
id33_0008_4.mp4,REAL
id33_0008_5.mp4,REAL
id33_0009.mp4,REAL
id33_0009_1.mp4,REAL
id33_0009_2.mp4,REAL
id33_0009_3.mp4,REAL
id33_0009_4.mp4,REAL
id33_0009_5.mp4,REAL
id34_0000.mp4,REAL
id34_0000_1.mp4,REAL
id34_0000_2.mp4,REAL
id34_0000_3.mp4,REAL
id34_0000_4.mp4,REAL
id34_0000_5.mp4,REAL
id34_0001.mp4,REAL
id34_0001_1.mp4,REAL
id34_0001_2.mp4,REAL
id34_0001_3.mp4,REAL
id34_0001_4.mp4,REAL
id34_0001_5.mp4,REAL
id34_0002.mp4,REAL
id34_0002_1.mp4,REAL
id34_0002_2.mp4,REAL
id34_0002_3.mp4,REAL
id34_0002_4.mp4,REAL
id34_0002_5.mp4,REAL
id34_0003.mp4,REAL
id34_0003_1.mp4,REAL
id34_0003_2.mp4,REAL
id34_0003_3.mp4,REAL
id34_0003_4.mp4,REAL
id34_0003_5.mp4,REAL
id34_0004.mp4,REAL
id34_0004_1.mp4,REAL
id34_0004_2.mp4,REAL
id34_0004_3.mp4,REAL
id34_0004_4.mp4,REAL
id34_0004_5.mp4,REAL
id34_0005.mp4,REAL
id34_0005_1.mp4,REAL
id34_0005_2.mp4,REAL
id34_0005_3.mp4,REAL
id34_0005_4.mp4,REAL
id34_0005_5.mp4,REAL
id34_0006.mp4,REAL
id34_0006_1.mp4,REAL
id34_0006_2.mp4,REAL
id34_0006_3.mp4,REAL
id34_0006_4.mp4,REAL
id34_0006_5.mp4,REAL
id34_0007.mp4,REAL
id34_0007_1.mp4,REAL
id34_0007_2.mp4,REAL
id34_0007_3.mp4,REAL
id34_0007_4.mp4,REAL
id34_0007_5.mp4,REAL
id34_0008.mp4,REAL
id34_0008_1.mp4,REAL
id34_0008_2.mp4,REAL
id34_0008_3.mp4,REAL
id34_0008_4.mp4,REAL
id34_0008_5.mp4,REAL
id34_0009.mp4,REAL
id34_0009_1.mp4,REAL
id34_0009_2.mp4,REAL
id34_0009_3.mp4,REAL
id34_0009_4.mp4,REAL
id34_0009_5.mp4,REAL
id35_0000.mp4,REAL
id35_0000_1.mp4,REAL
id35_0000_2.mp4,REAL
id35_0000_3.mp4,REAL
id35_0000_4.mp4,REAL
id35_0000_5.mp4,REAL
id35_0001.mp4,REAL
id35_0001_1.mp4,REAL
id35_0001_2.mp4,REAL
id35_0001_3.mp4,REAL
id35_0001_4.mp4,REAL
id35_0001_5.mp4,REAL
id35_0002.mp4,REAL
id35_0002_1.mp4,REAL
id35_0002_2.mp4,REAL
id35_0002_3.mp4,REAL
id35_0002_4.mp4,REAL
id35_0002_5.mp4,REAL
id35_0003.mp4,REAL
id35_0003_1.mp4,REAL
id35_0003_2.mp4,REAL
id35_0003_3.mp4,REAL
id35_0003_4.mp4,REAL
id35_0003_5.mp4,REAL
id35_0004.mp4,REAL
id35_0004_1.mp4,REAL
id35_0004_2.mp4,REAL
id35_0004_3.mp4,REAL
id35_0004_4.mp4,REAL
id35_0004_5.mp4,REAL
id35_0005.mp4,REAL
id35_0005_1.mp4,REAL
id35_0005_2.mp4,REAL
id35_0005_3.mp4,REAL
id35_0005_4.mp4,REAL
id35_0005_5.mp4,REAL
id35_0006.mp4,REAL
id35_0006_1.mp4,REAL
id35_0006_2.mp4,REAL
id35_0006_3.mp4,REAL
id35_0006_4.mp4,REAL
id35_0006_5.mp4,REAL
id35_0007.mp4,REAL
id35_0007_1.mp4,REAL
id35_0007_2.mp4,REAL
id35_0007_3.mp4,REAL
id35_0007_4.mp4,REAL
id35_0007_5.mp4,REAL
id35_0008.mp4,REAL
id35_0008_1.mp4,REAL
id35_0008_2.mp4,REAL
id35_0008_3.mp4,REAL
id35_0008_4.mp4,REAL
id35_0008_5.mp4,REAL
id35_0009.mp4,REAL
id35_0009_1.mp4,REAL
id35_0009_2.mp4,REAL
id35_0009_3.mp4,REAL
id35_0009_4.mp4,REAL
id35_0009_5.mp4,REAL
id36_0000.mp4,REAL
id36_0000_1.mp4,REAL
id36_0000_2.mp4,REAL
id36_0000_3.mp4,REAL
id36_0000_4.mp4,REAL
id36_0000_5.mp4,REAL
id36_0001.mp4,REAL
id36_0001_1.mp4,REAL
id36_0001_2.mp4,REAL
id36_0001_3.mp4,REAL
id36_0001_4.mp4,REAL
id36_0001_5.mp4,REAL
id36_0002.mp4,REAL
id36_0002_1.mp4,REAL
id36_0002_2.mp4,REAL
id36_0002_3.mp4,REAL
id36_0002_4.mp4,REAL
id36_0002_5.mp4,REAL
id36_0003.mp4,REAL
id36_0003_1.mp4,REAL
id36_0003_2.mp4,REAL
id36_0003_3.mp4,REAL
id36_0003_4.mp4,REAL
id36_0003_5.mp4,REAL
id36_0004.mp4,REAL
id36_0004_1.mp4,REAL
id36_0004_2.mp4,REAL
id36_0004_3.mp4,REAL
id36_0004_4.mp4,REAL
id36_0004_5.mp4,REAL
id36_0005.mp4,REAL
id36_0005_1.mp4,REAL
id36_0005_2.mp4,REAL
id36_0005_3.mp4,REAL
id36_0005_4.mp4,REAL
id36_0005_5.mp4,REAL
id36_0006.mp4,REAL
id36_0006_1.mp4,REAL
id36_0006_2.mp4,REAL
id36_0006_3.mp4,REAL
id36_0006_4.mp4,REAL
id36_0006_5.mp4,REAL
id36_0007.mp4,REAL
id36_0007_1.mp4,REAL
id36_0007_2.mp4,REAL
id36_0007_3.mp4,REAL
id36_0007_4.mp4,REAL
id36_0007_5.mp4,REAL
id36_0008.mp4,REAL
id36_0008_1.mp4,REAL
id36_0008_2.mp4,REAL
id36_0008_3.mp4,REAL
id36_0008_4.mp4,REAL
id36_0008_5.mp4,REAL
id36_0009.mp4,REAL
id36_0009_1.mp4,REAL
id36_0009_2.mp4,REAL
id36_0009_3.mp4,REAL
id36_0009_4.mp4,REAL
id36_0009_5.mp4,REAL
id37_0000.mp4,REAL
id37_0000_1.mp4,REAL
id37_0000_2.mp4,REAL
id37_0000_3.mp4,REAL
id37_0000_4.mp4,REAL
id37_0000_5.mp4,REAL
id37_0001.mp4,REAL
id37_0001_1.mp4,REAL
id37_0001_2.mp4,REAL
id37_0001_3.mp4,REAL
id37_0001_4.mp4,REAL
id37_0001_5.mp4,REAL
id37_0002.mp4,REAL
id37_0002_1.mp4,REAL
id37_0002_2.mp4,REAL
id37_0002_3.mp4,REAL
id37_0002_4.mp4,REAL
id37_0002_5.mp4,REAL
id37_0003.mp4,REAL
id37_0003_1.mp4,REAL
id37_0003_2.mp4,REAL
id37_0003_3.mp4,REAL
id37_0003_4.mp4,REAL
id37_0003_5.mp4,REAL
id37_0004.mp4,REAL
id37_0004_1.mp4,REAL
id37_0004_2.mp4,REAL
id37_0004_3.mp4,REAL
id37_0004_4.mp4,REAL
id37_0004_5.mp4,REAL
id37_0005.mp4,REAL
id37_0005_1.mp4,REAL
id37_0005_2.mp4,REAL
id37_0005_3.mp4,REAL
id37_0005_4.mp4,REAL
id37_0005_5.mp4,REAL
id37_0006.mp4,REAL
id37_0006_1.mp4,REAL
id37_0006_2.mp4,REAL
id37_0006_3.mp4,REAL
id37_0006_4.mp4,REAL
id37_0006_5.mp4,REAL
id37_0007.mp4,REAL
id37_0007_1.mp4,REAL
id37_0007_2.mp4,REAL
id37_0007_3.mp4,REAL
id37_0007_4.mp4,REAL
id37_0007_5.mp4,REAL
id37_0008.mp4,REAL
id37_0008_1.mp4,REAL
id37_0008_2.mp4,REAL
id37_0008_3.mp4,REAL
id37_0008_4.mp4,REAL
id37_0008_5.mp4,REAL
id37_0009.mp4,REAL
id37_0009_1.mp4,REAL
id37_0009_2.mp4,REAL
id37_0009_3.mp4,REAL
id37_0009_4.mp4,REAL
id37_0009_5.mp4,REAL
id38_0000.mp4,REAL
id38_0000_1.mp4,REAL
id38_0000_2.mp4,REAL
id38_0000_3.mp4,REAL
id38_0000_4.mp4,REAL
id38_0000_5.mp4,REAL
id38_0001.mp4,REAL
id38_0001_1.mp4,REAL
id38_0001_2.mp4,REAL
id38_0001_3.mp4,REAL
id38_0001_4.mp4,REAL
id38_0001_5.mp4,REAL
id38_0002.mp4,REAL
id38_0002_1.mp4,REAL
id38_0002_2.mp4,REAL
id38_0002_3.mp4,REAL
id38_0002_4.mp4,REAL
id38_0002_5.mp4,REAL
id38_0003.mp4,REAL
id38_0003_1.mp4,REAL
id38_0003_2.mp4,REAL
id38_0003_3.mp4,REAL
id38_0003_4.mp4,REAL
id38_0003_5.mp4,REAL
id38_0004.mp4,REAL
id38_0004_1.mp4,REAL
id38_0004_2.mp4,REAL
id38_0004_3.mp4,REAL
id38_0004_4.mp4,REAL
id38_0004_5.mp4,REAL
id38_0005.mp4,REAL
id38_0005_1.mp4,REAL
id38_0005_2.mp4,REAL
id38_0005_3.mp4,REAL
id38_0005_4.mp4,REAL
id38_0005_5.mp4,REAL
id38_0006.mp4,REAL
id38_0006_1.mp4,REAL
id38_0006_2.mp4,REAL
id38_0006_3.mp4,REAL
id38_0006_4.mp4,REAL
id38_0006_5.mp4,REAL
id38_0007.mp4,REAL
id38_0007_1.mp4,REAL
id38_0007_2.mp4,REAL
id38_0007_3.mp4,REAL
id38_0007_4.mp4,REAL
id38_0007_5.mp4,REAL
id38_0008.mp4,REAL
id38_0008_1.mp4,REAL
id38_0008_2.mp4,REAL
id38_0008_3.mp4,REAL
id38_0008_4.mp4,REAL
id38_0008_5.mp4,REAL
id38_0009.mp4,REAL
id38_0009_1.mp4,REAL
id38_0009_2.mp4,REAL
id38_0009_3.mp4,REAL
id38_0009_4.mp4,REAL
id38_0009_5.mp4,REAL
id39_0000.mp4,REAL
id39_0000_1.mp4,REAL
id39_0000_2.mp4,REAL
id39_0000_3.mp4,REAL
id39_0000_4.mp4,REAL
id39_0000_5.mp4,REAL
id39_0001.mp4,REAL
id39_0001_1.mp4,REAL
id39_0001_2.mp4,REAL
id39_0001_3.mp4,REAL
id39_0001_4.mp4,REAL
id39_0001_5.mp4,REAL
id39_0002.mp4,REAL
id39_0002_1.mp4,REAL
id39_0002_2.mp4,REAL
id39_0002_3.mp4,REAL
id39_0002_4.mp4,REAL
id39_0002_5.mp4,REAL
id39_0003.mp4,REAL
id39_0003_1.mp4,REAL
id39_0003_2.mp4,REAL
id39_0003_3.mp4,REAL
id39_0003_4.mp4,REAL
id39_0003_5.mp4,REAL
id39_0004.mp4,REAL
id39_0004_1.mp4,REAL
id39_0004_2.mp4,REAL
id39_0004_3.mp4,REAL
id39_0004_4.mp4,REAL
id39_0004_5.mp4,REAL
id39_0005.mp4,REAL
id39_0005_1.mp4,REAL
id39_0005_2.mp4,REAL
id39_0005_3.mp4,REAL
id39_0005_4.mp4,REAL
id39_0005_5.mp4,REAL
id39_0006.mp4,REAL
id39_0006_1.mp4,REAL
id39_0006_2.mp4,REAL
id39_0006_3.mp4,REAL
id39_0006_4.mp4,REAL
id39_0006_5.mp4,REAL
id39_0007.mp4,REAL
id39_0007_1.mp4,REAL
id39_0007_2.mp4,REAL
id39_0007_3.mp4,REAL
id39_0007_4.mp4,REAL
id39_0007_5.mp4,REAL
id39_0008.mp4,REAL
id39_0008_1.mp4,REAL
id39_0008_2.mp4,REAL
id39_0008_3.mp4,REAL
id39_0008_4.mp4,REAL
id39_0008_5.mp4,REAL
id39_0009.mp4,REAL
id39_0009_1.mp4,REAL
id39_0009_2.mp4,REAL
id39_0009_3.mp4,REAL
id39_0009_4.mp4,REAL
id39_0009_5.mp4,REAL
id3_0000.mp4,REAL
id3_0000_1.mp4,REAL
id3_0000_2.mp4,REAL
id3_0000_3.mp4,REAL
id3_0000_4.mp4,REAL
id3_0000_5.mp4,REAL
id3_0001.mp4,REAL
id3_0001_1.mp4,REAL
id3_0001_2.mp4,REAL
id3_0001_3.mp4,REAL
id3_0001_4.mp4,REAL
id3_0001_5.mp4,REAL
id3_0002.mp4,REAL
id3_0002_1.mp4,REAL
id3_0002_2.mp4,REAL
id3_0002_3.mp4,REAL
id3_0002_4.mp4,REAL
id3_0002_5.mp4,REAL
id3_0003.mp4,REAL
id3_0003_1.mp4,REAL
id3_0003_2.mp4,REAL
id3_0003_3.mp4,REAL
id3_0003_4.mp4,REAL
id3_0003_5.mp4,REAL
id3_0004.mp4,REAL
id3_0004_1.mp4,REAL
id3_0004_2.mp4,REAL
id3_0004_3.mp4,REAL
id3_0004_4.mp4,REAL
id3_0004_5.mp4,REAL
id3_0005.mp4,REAL
id3_0005_1.mp4,REAL
id3_0005_2.mp4,REAL
id3_0005_3.mp4,REAL
id3_0005_4.mp4,REAL
id3_0005_5.mp4,REAL
id3_0006.mp4,REAL
id3_0006_1.mp4,REAL
id3_0006_2.mp4,REAL
id3_0006_3.mp4,REAL
id3_0006_4.mp4,REAL
id3_0006_5.mp4,REAL
id3_0007.mp4,REAL
id3_0007_1.mp4,REAL
id3_0007_2.mp4,REAL
id3_0007_3.mp4,REAL
id3_0007_4.mp4,REAL
id3_0007_5.mp4,REAL
id3_0008.mp4,REAL
id3_0008_1.mp4,REAL
id3_0008_2.mp4,REAL
id3_0008_3.mp4,REAL
id3_0008_4.mp4,REAL
id3_0008_5.mp4,REAL
id3_0009.mp4,REAL
id3_0009_1.mp4,REAL
id3_0009_2.mp4,REAL
id3_0009_3.mp4,REAL
id3_0009_4.mp4,REAL
id3_0009_5.mp4,REAL
id40_0000.mp4,REAL
id40_0000_1.mp4,REAL
id40_0000_2.mp4,REAL
id40_0000_3.mp4,REAL
id40_0000_4.mp4,REAL
id40_0000_5.mp4,REAL
id40_0001.mp4,REAL
id40_0001_1.mp4,REAL
id40_0001_2.mp4,REAL
id40_0001_3.mp4,REAL
id40_0001_4.mp4,REAL
id40_0001_5.mp4,REAL
id40_0002.mp4,REAL
id40_0002_1.mp4,REAL
id40_0002_2.mp4,REAL
id40_0002_3.mp4,REAL
id40_0002_4.mp4,REAL
id40_0002_5.mp4,REAL
id40_0003.mp4,REAL
id40_0003_1.mp4,REAL
id40_0003_2.mp4,REAL
id40_0003_3.mp4,REAL
id40_0003_4.mp4,REAL
id40_0003_5.mp4,REAL
id40_0004.mp4,REAL
id40_0004_1.mp4,REAL
id40_0004_2.mp4,REAL
id40_0004_3.mp4,REAL
id40_0004_4.mp4,REAL
id40_0004_5.mp4,REAL
id40_0005.mp4,REAL
id40_0005_1.mp4,REAL
id40_0005_2.mp4,REAL
id40_0005_3.mp4,REAL
id40_0005_4.mp4,REAL
id40_0005_5.mp4,REAL
id40_0006.mp4,REAL
id40_0006_1.mp4,REAL
id40_0006_2.mp4,REAL
id40_0006_3.mp4,REAL
id40_0006_4.mp4,REAL
id40_0006_5.mp4,REAL
id40_0007.mp4,REAL
id40_0007_1.mp4,REAL
id40_0007_2.mp4,REAL
id40_0007_3.mp4,REAL
id40_0007_4.mp4,REAL
id40_0007_5.mp4,REAL
id40_0008.mp4,REAL
id40_0008_1.mp4,REAL
id40_0008_2.mp4,REAL
id40_0008_3.mp4,REAL
id40_0008_4.mp4,REAL
id40_0008_5.mp4,REAL
id40_0009.mp4,REAL
id40_0009_1.mp4,REAL
id40_0009_2.mp4,REAL
id40_0009_3.mp4,REAL
id40_0009_4.mp4,REAL
id40_0009_5.mp4,REAL
id41_0000.mp4,REAL
id41_0000_1.mp4,REAL
id41_0000_2.mp4,REAL
id41_0000_3.mp4,REAL
id41_0000_4.mp4,REAL
id41_0000_5.mp4,REAL
id41_0001.mp4,REAL
id41_0001_1.mp4,REAL
id41_0001_2.mp4,REAL
id41_0001_3.mp4,REAL
id41_0001_4.mp4,REAL
id41_0001_5.mp4,REAL
id41_0002.mp4,REAL
id41_0002_1.mp4,REAL
id41_0002_2.mp4,REAL
id41_0002_3.mp4,REAL
id41_0002_4.mp4,REAL
id41_0002_5.mp4,REAL
id41_0003.mp4,REAL
id41_0003_1.mp4,REAL
id41_0003_2.mp4,REAL
id41_0003_3.mp4,REAL
id41_0003_4.mp4,REAL
id41_0003_5.mp4,REAL
id41_0004.mp4,REAL
id41_0004_1.mp4,REAL
id41_0004_2.mp4,REAL
id41_0004_3.mp4,REAL
id41_0004_4.mp4,REAL
id41_0004_5.mp4,REAL
id41_0005.mp4,REAL
id41_0005_1.mp4,REAL
id41_0005_2.mp4,REAL
id41_0005_3.mp4,REAL
id41_0005_4.mp4,REAL
id41_0005_5.mp4,REAL
id41_0006.mp4,REAL
id41_0006_1.mp4,REAL
id41_0006_2.mp4,REAL
id41_0006_3.mp4,REAL
id41_0006_4.mp4,REAL
id41_0006_5.mp4,REAL
id41_0007.mp4,REAL
id41_0007_1.mp4,REAL
id41_0007_2.mp4,REAL
id41_0007_3.mp4,REAL
id41_0007_4.mp4,REAL
id41_0007_5.mp4,REAL
id41_0008.mp4,REAL
id41_0008_1.mp4,REAL
id41_0008_2.mp4,REAL
id41_0008_3.mp4,REAL
id41_0008_4.mp4,REAL
id41_0008_5.mp4,REAL
id41_0009.mp4,REAL
id41_0009_1.mp4,REAL
id41_0009_2.mp4,REAL
id41_0009_3.mp4,REAL
id41_0009_4.mp4,REAL
id41_0009_5.mp4,REAL
id42_0000.mp4,REAL
id42_0000_1.mp4,REAL
id42_0000_2.mp4,REAL
id42_0000_3.mp4,REAL
id42_0000_4.mp4,REAL
id42_0000_5.mp4,REAL
id42_0001.mp4,REAL
id42_0001_1.mp4,REAL
id42_0001_2.mp4,REAL
id42_0001_3.mp4,REAL
id42_0001_4.mp4,REAL
id42_0001_5.mp4,REAL
id42_0002.mp4,REAL
id42_0002_1.mp4,REAL
id42_0002_2.mp4,REAL
id42_0002_3.mp4,REAL
id42_0002_4.mp4,REAL
id42_0002_5.mp4,REAL
id42_0003.mp4,REAL
id42_0003_1.mp4,REAL
id42_0003_2.mp4,REAL
id42_0003_3.mp4,REAL
id42_0003_4.mp4,REAL
id42_0003_5.mp4,REAL
id42_0004.mp4,REAL
id42_0004_1.mp4,REAL
id42_0004_2.mp4,REAL
id42_0004_3.mp4,REAL
id42_0004_4.mp4,REAL
id42_0004_5.mp4,REAL
id43_0000.mp4,REAL
id43_0000_1.mp4,REAL
id43_0000_2.mp4,REAL
id43_0000_3.mp4,REAL
id43_0000_4.mp4,REAL
id43_0000_5.mp4,REAL
id43_0001.mp4,REAL
id43_0001_1.mp4,REAL
id43_0001_2.mp4,REAL
id43_0001_3.mp4,REAL
id43_0001_4.mp4,REAL
id43_0001_5.mp4,REAL
id43_0002.mp4,REAL
id43_0002_1.mp4,REAL
id43_0002_2.mp4,REAL
id43_0002_3.mp4,REAL
id43_0002_4.mp4,REAL
id43_0002_5.mp4,REAL
id43_0003.mp4,REAL
id43_0003_1.mp4,REAL
id43_0003_2.mp4,REAL
id43_0003_3.mp4,REAL
id43_0003_4.mp4,REAL
id43_0003_5.mp4,REAL
id43_0004.mp4,REAL
id43_0004_1.mp4,REAL
id43_0004_2.mp4,REAL
id43_0004_3.mp4,REAL
id43_0004_4.mp4,REAL
id43_0004_5.mp4,REAL
id43_0005.mp4,REAL
id43_0005_1.mp4,REAL
id43_0005_2.mp4,REAL
id43_0005_3.mp4,REAL
id43_0005_4.mp4,REAL
id43_0005_5.mp4,REAL
id43_0006.mp4,REAL
id43_0006_1.mp4,REAL
id43_0006_2.mp4,REAL
id43_0006_3.mp4,REAL
id43_0006_4.mp4,REAL
id43_0006_5.mp4,REAL
id43_0007.mp4,REAL
id43_0007_1.mp4,REAL
id43_0007_2.mp4,REAL
id43_0007_3.mp4,REAL
id43_0007_4.mp4,REAL
id43_0007_5.mp4,REAL
id43_0008.mp4,REAL
id43_0008_1.mp4,REAL
id43_0008_2.mp4,REAL
id43_0008_3.mp4,REAL
id43_0008_4.mp4,REAL
id43_0008_5.mp4,REAL
id43_0009.mp4,REAL
id43_0009_1.mp4,REAL
id43_0009_2.mp4,REAL
id43_0009_3.mp4,REAL
id43_0009_4.mp4,REAL
id43_0009_5.mp4,REAL
id44_0000.mp4,REAL
id44_0000_1.mp4,REAL
id44_0000_2.mp4,REAL
id44_0000_3.mp4,REAL
id44_0000_4.mp4,REAL
id44_0000_5.mp4,REAL
id44_0001.mp4,REAL
id44_0001_1.mp4,REAL
id44_0001_2.mp4,REAL
id44_0001_3.mp4,REAL
id44_0001_4.mp4,REAL
id44_0001_5.mp4,REAL
id44_0002.mp4,REAL
id44_0002_1.mp4,REAL
id44_0002_2.mp4,REAL
id44_0002_3.mp4,REAL
id44_0002_4.mp4,REAL
id44_0002_5.mp4,REAL
id44_0003.mp4,REAL
id44_0003_1.mp4,REAL
id44_0003_2.mp4,REAL
id44_0003_3.mp4,REAL
id44_0003_4.mp4,REAL
id44_0003_5.mp4,REAL
id44_0004.mp4,REAL
id44_0004_1.mp4,REAL
id44_0004_2.mp4,REAL
id44_0004_3.mp4,REAL
id44_0004_4.mp4,REAL
id44_0004_5.mp4,REAL
id44_0005.mp4,REAL
id44_0005_1.mp4,REAL
id44_0005_2.mp4,REAL
id44_0005_3.mp4,REAL
id44_0005_4.mp4,REAL
id44_0005_5.mp4,REAL
id45_0000.mp4,REAL
id45_0000_1.mp4,REAL
id45_0000_2.mp4,REAL
id45_0000_3.mp4,REAL
id45_0000_4.mp4,REAL
id45_0000_5.mp4,REAL
id45_0001.mp4,REAL
id45_0001_1.mp4,REAL
id45_0001_2.mp4,REAL
id45_0001_3.mp4,REAL
id45_0001_4.mp4,REAL
id45_0001_5.mp4,REAL
id45_0002.mp4,REAL
id45_0002_1.mp4,REAL
id45_0002_2.mp4,REAL
id45_0002_3.mp4,REAL
id45_0002_4.mp4,REAL
id45_0002_5.mp4,REAL
id45_0003.mp4,REAL
id45_0003_1.mp4,REAL
id45_0003_2.mp4,REAL
id45_0003_3.mp4,REAL
id45_0003_4.mp4,REAL
id45_0003_5.mp4,REAL
id45_0004.mp4,REAL
id45_0004_1.mp4,REAL
id45_0004_2.mp4,REAL
id45_0004_3.mp4,REAL
id45_0004_4.mp4,REAL
id45_0004_5.mp4,REAL
id45_0005.mp4,REAL
id45_0005_1.mp4,REAL
id45_0005_2.mp4,REAL
id45_0005_3.mp4,REAL
id45_0005_4.mp4,REAL
id45_0005_5.mp4,REAL
id45_0006.mp4,REAL
id45_0006_1.mp4,REAL
id45_0006_2.mp4,REAL
id45_0006_3.mp4,REAL
id45_0006_4.mp4,REAL
id45_0006_5.mp4,REAL
id45_0007.mp4,REAL
id45_0007_1.mp4,REAL
id45_0007_2.mp4,REAL
id45_0007_3.mp4,REAL
id45_0007_4.mp4,REAL
id45_0007_5.mp4,REAL
id45_0008.mp4,REAL
id45_0008_1.mp4,REAL
id45_0008_2.mp4,REAL
id45_0008_3.mp4,REAL
id45_0008_4.mp4,REAL
id45_0008_5.mp4,REAL
id45_0009.mp4,REAL
id45_0009_1.mp4,REAL
id45_0009_2.mp4,REAL
id45_0009_3.mp4,REAL
id45_0009_4.mp4,REAL
id45_0009_5.mp4,REAL
id46_0000.mp4,REAL
id46_0000_1.mp4,REAL
id46_0000_2.mp4,REAL
id46_0000_3.mp4,REAL
id46_0000_4.mp4,REAL
id46_0000_5.mp4,REAL
id46_0001.mp4,REAL
id46_0001_1.mp4,REAL
id46_0001_2.mp4,REAL
id46_0001_3.mp4,REAL
id46_0001_4.mp4,REAL
id46_0001_5.mp4,REAL
id46_0002.mp4,REAL
id46_0002_1.mp4,REAL
id46_0002_2.mp4,REAL
id46_0002_3.mp4,REAL
id46_0002_4.mp4,REAL
id46_0002_5.mp4,REAL
id46_0003.mp4,REAL
id46_0003_1.mp4,REAL
id46_0003_2.mp4,REAL
id46_0003_3.mp4,REAL
id46_0003_4.mp4,REAL
id46_0003_5.mp4,REAL
id46_0004.mp4,REAL
id46_0004_1.mp4,REAL
id46_0004_2.mp4,REAL
id46_0004_3.mp4,REAL
id46_0004_4.mp4,REAL
id46_0004_5.mp4,REAL
id46_0005.mp4,REAL
id46_0005_1.mp4,REAL
id46_0005_2.mp4,REAL
id46_0005_3.mp4,REAL
id46_0005_4.mp4,REAL
id46_0005_5.mp4,REAL
id46_0006.mp4,REAL
id46_0006_1.mp4,REAL
id46_0006_2.mp4,REAL
id46_0006_3.mp4,REAL
id46_0006_4.mp4,REAL
id46_0006_5.mp4,REAL
id46_0007.mp4,REAL
id46_0007_1.mp4,REAL
id46_0007_2.mp4,REAL
id46_0007_3.mp4,REAL
id46_0007_4.mp4,REAL
id46_0007_5.mp4,REAL
id46_0008.mp4,REAL
id46_0008_1.mp4,REAL
id46_0008_2.mp4,REAL
id46_0008_3.mp4,REAL
id46_0008_4.mp4,REAL
id46_0008_5.mp4,REAL
id46_0009.mp4,REAL
id46_0009_1.mp4,REAL
id46_0009_2.mp4,REAL
id46_0009_3.mp4,REAL
id46_0009_4.mp4,REAL
id46_0009_5.mp4,REAL
id47_0000.mp4,REAL
id47_0000_1.mp4,REAL
id47_0000_2.mp4,REAL
id47_0000_3.mp4,REAL
id47_0000_4.mp4,REAL
id47_0000_5.mp4,REAL
id47_0001.mp4,REAL
id47_0001_1.mp4,REAL
id47_0001_2.mp4,REAL
id47_0001_3.mp4,REAL
id47_0001_4.mp4,REAL
id47_0001_5.mp4,REAL
id47_0002.mp4,REAL
id47_0002_1.mp4,REAL
id47_0002_2.mp4,REAL
id47_0002_3.mp4,REAL
id47_0002_4.mp4,REAL
id47_0002_5.mp4,REAL
id47_0003.mp4,REAL
id47_0003_1.mp4,REAL
id47_0003_2.mp4,REAL
id47_0003_3.mp4,REAL
id47_0003_4.mp4,REAL
id47_0003_5.mp4,REAL
id47_0004.mp4,REAL
id47_0004_1.mp4,REAL
id47_0004_2.mp4,REAL
id47_0004_3.mp4,REAL
id47_0004_4.mp4,REAL
id47_0004_5.mp4,REAL
id47_0005.mp4,REAL
id47_0005_1.mp4,REAL
id47_0005_2.mp4,REAL
id47_0005_3.mp4,REAL
id47_0005_4.mp4,REAL
id47_0005_5.mp4,REAL
id47_0006.mp4,REAL
id47_0006_1.mp4,REAL
id47_0006_2.mp4,REAL
id47_0006_3.mp4,REAL
id47_0006_4.mp4,REAL
id47_0006_5.mp4,REAL
id47_0007.mp4,REAL
id47_0007_1.mp4,REAL
id47_0007_2.mp4,REAL
id47_0007_3.mp4,REAL
id47_0007_4.mp4,REAL
id47_0007_5.mp4,REAL
id47_0008.mp4,REAL
id47_0008_1.mp4,REAL
id47_0008_2.mp4,REAL
id47_0008_3.mp4,REAL
id47_0008_4.mp4,REAL
id47_0008_5.mp4,REAL
id47_0009.mp4,REAL
id47_0009_1.mp4,REAL
id47_0009_2.mp4,REAL
id47_0009_3.mp4,REAL
id47_0009_4.mp4,REAL
id47_0009_5.mp4,REAL
id48_0000.mp4,REAL
id48_0000_1.mp4,REAL
id48_0000_2.mp4,REAL
id48_0000_3.mp4,REAL
id48_0000_4.mp4,REAL
id48_0000_5.mp4,REAL
id48_0001.mp4,REAL
id48_0001_1.mp4,REAL
id48_0001_2.mp4,REAL
id48_0001_3.mp4,REAL
id48_0001_4.mp4,REAL
id48_0001_5.mp4,REAL
id48_0002.mp4,REAL
id48_0002_1.mp4,REAL
id48_0002_2.mp4,REAL
id48_0002_3.mp4,REAL
id48_0002_4.mp4,REAL
id48_0002_5.mp4,REAL
id48_0003.mp4,REAL
id48_0003_1.mp4,REAL
id48_0003_2.mp4,REAL
id48_0003_3.mp4,REAL
id48_0003_4.mp4,REAL
id48_0003_5.mp4,REAL
id48_0004.mp4,REAL
id48_0004_1.mp4,REAL
id48_0004_2.mp4,REAL
id48_0004_3.mp4,REAL
id48_0004_4.mp4,REAL
id48_0004_5.mp4,REAL
id48_0005.mp4,REAL
id48_0005_1.mp4,REAL
id48_0005_2.mp4,REAL
id48_0005_3.mp4,REAL
id48_0005_4.mp4,REAL
id48_0005_5.mp4,REAL
id48_0006.mp4,REAL
id48_0006_1.mp4,REAL
id48_0006_2.mp4,REAL
id48_0006_3.mp4,REAL
id48_0006_4.mp4,REAL
id48_0006_5.mp4,REAL
id48_0007.mp4,REAL
id48_0007_1.mp4,REAL
id48_0007_2.mp4,REAL
id48_0007_3.mp4,REAL
id48_0007_4.mp4,REAL
id48_0007_5.mp4,REAL
id48_0008.mp4,REAL
id48_0008_1.mp4,REAL
id48_0008_2.mp4,REAL
id48_0008_3.mp4,REAL
id48_0008_4.mp4,REAL
id48_0008_5.mp4,REAL
id48_0009.mp4,REAL
id48_0009_1.mp4,REAL
id48_0009_2.mp4,REAL
id48_0009_3.mp4,REAL
id48_0009_4.mp4,REAL
id48_0009_5.mp4,REAL
id49_0000.mp4,REAL
id49_0000_1.mp4,REAL
id49_0000_2.mp4,REAL
id49_0000_3.mp4,REAL
id49_0000_4.mp4,REAL
id49_0000_5.mp4,REAL
id49_0001.mp4,REAL
id49_0001_1.mp4,REAL
id49_0001_2.mp4,REAL
id49_0001_3.mp4,REAL
id49_0001_4.mp4,REAL
id49_0001_5.mp4,REAL
id49_0002.mp4,REAL
id49_0002_1.mp4,REAL
id49_0002_2.mp4,REAL
id49_0002_3.mp4,REAL
id49_0002_4.mp4,REAL
id49_0002_5.mp4,REAL
id49_0003.mp4,REAL
id49_0003_1.mp4,REAL
id49_0003_2.mp4,REAL
id49_0003_3.mp4,REAL
id49_0003_4.mp4,REAL
id49_0003_5.mp4,REAL
id49_0004.mp4,REAL
id49_0004_1.mp4,REAL
id49_0004_2.mp4,REAL
id49_0004_3.mp4,REAL
id49_0004_4.mp4,REAL
id49_0004_5.mp4,REAL
id49_0005.mp4,REAL
id49_0005_1.mp4,REAL
id49_0005_2.mp4,REAL
id49_0005_3.mp4,REAL
id49_0005_4.mp4,REAL
id49_0005_5.mp4,REAL
id49_0006.mp4,REAL
id49_0006_1.mp4,REAL
id49_0006_2.mp4,REAL
id49_0006_3.mp4,REAL
id49_0006_4.mp4,REAL
id49_0006_5.mp4,REAL
id49_0007.mp4,REAL
id49_0007_1.mp4,REAL
id49_0007_2.mp4,REAL
id49_0007_3.mp4,REAL
id49_0007_4.mp4,REAL
id49_0007_5.mp4,REAL
id49_0008.mp4,REAL
id49_0008_1.mp4,REAL
id49_0008_2.mp4,REAL
id49_0008_3.mp4,REAL
id49_0008_4.mp4,REAL
id49_0008_5.mp4,REAL
id49_0009.mp4,REAL
id49_0009_1.mp4,REAL
id49_0009_2.mp4,REAL
id49_0009_3.mp4,REAL
id49_0009_4.mp4,REAL
id49_0009_5.mp4,REAL
id4_0000.mp4,REAL
id4_0000_1.mp4,REAL
id4_0000_2.mp4,REAL
id4_0000_3.mp4,REAL
id4_0000_4.mp4,REAL
id4_0000_5.mp4,REAL
id4_0001.mp4,REAL
id4_0001_1.mp4,REAL
id4_0001_2.mp4,REAL
id4_0001_3.mp4,REAL
id4_0001_4.mp4,REAL
id4_0001_5.mp4,REAL
id4_0002.mp4,REAL
id4_0002_1.mp4,REAL
id4_0002_2.mp4,REAL
id4_0002_3.mp4,REAL
id4_0002_4.mp4,REAL
id4_0002_5.mp4,REAL
id4_0003.mp4,REAL
id4_0003_1.mp4,REAL
id4_0003_2.mp4,REAL
id4_0003_3.mp4,REAL
id4_0003_4.mp4,REAL
id4_0003_5.mp4,REAL
id4_0004.mp4,REAL
id4_0004_1.mp4,REAL
id4_0004_2.mp4,REAL
id4_0004_3.mp4,REAL
id4_0004_4.mp4,REAL
id4_0004_5.mp4,REAL
id4_0005.mp4,REAL
id4_0005_1.mp4,REAL
id4_0005_2.mp4,REAL
id4_0005_3.mp4,REAL
id4_0005_4.mp4,REAL
id4_0005_5.mp4,REAL
id4_0006.mp4,REAL
id4_0006_1.mp4,REAL
id4_0006_2.mp4,REAL
id4_0006_3.mp4,REAL
id4_0006_4.mp4,REAL
id4_0006_5.mp4,REAL
id4_0007.mp4,REAL
id4_0007_1.mp4,REAL
id4_0007_2.mp4,REAL
id4_0007_3.mp4,REAL
id4_0007_4.mp4,REAL
id4_0007_5.mp4,REAL
id4_0008.mp4,REAL
id4_0008_1.mp4,REAL
id4_0008_2.mp4,REAL
id4_0008_3.mp4,REAL
id4_0008_4.mp4,REAL
id4_0008_5.mp4,REAL
id4_0009.mp4,REAL
id4_0009_1.mp4,REAL
id4_0009_2.mp4,REAL
id4_0009_3.mp4,REAL
id4_0009_4.mp4,REAL
id4_0009_5.mp4,REAL
id50_0000.mp4,REAL
id50_0000_1.mp4,REAL
id50_0000_2.mp4,REAL
id50_0000_3.mp4,REAL
id50_0000_4.mp4,REAL
id50_0000_5.mp4,REAL
id50_0001.mp4,REAL
id50_0001_1.mp4,REAL
id50_0001_2.mp4,REAL
id50_0001_3.mp4,REAL
id50_0001_4.mp4,REAL
id50_0001_5.mp4,REAL
id50_0002.mp4,REAL
id50_0002_1.mp4,REAL
id50_0002_2.mp4,REAL
id50_0002_3.mp4,REAL
id50_0002_4.mp4,REAL
id50_0002_5.mp4,REAL
id50_0003.mp4,REAL
id50_0003_1.mp4,REAL
id50_0003_2.mp4,REAL
id50_0003_3.mp4,REAL
id50_0003_4.mp4,REAL
id50_0003_5.mp4,REAL
id50_0004.mp4,REAL
id50_0004_1.mp4,REAL
id50_0004_2.mp4,REAL
id50_0004_3.mp4,REAL
id50_0004_4.mp4,REAL
id50_0004_5.mp4,REAL
id50_0005.mp4,REAL
id50_0005_1.mp4,REAL
id50_0005_2.mp4,REAL
id50_0005_3.mp4,REAL
id50_0005_4.mp4,REAL
id50_0005_5.mp4,REAL
id50_0006.mp4,REAL
id50_0006_1.mp4,REAL
id50_0006_2.mp4,REAL
id50_0006_3.mp4,REAL
id50_0006_4.mp4,REAL
id50_0006_5.mp4,REAL
id50_0007.mp4,REAL
id50_0007_1.mp4,REAL
id50_0007_2.mp4,REAL
id50_0007_3.mp4,REAL
id50_0007_4.mp4,REAL
id50_0007_5.mp4,REAL
id50_0008.mp4,REAL
id50_0008_1.mp4,REAL
id50_0008_2.mp4,REAL
id50_0008_3.mp4,REAL
id50_0008_4.mp4,REAL
id50_0008_5.mp4,REAL
id50_0009.mp4,REAL
id50_0009_1.mp4,REAL
id50_0009_2.mp4,REAL
id50_0009_3.mp4,REAL
id50_0009_4.mp4,REAL
id50_0009_5.mp4,REAL
id51_0000.mp4,REAL
id51_0000_1.mp4,REAL
id51_0000_2.mp4,REAL
id51_0000_3.mp4,REAL
id51_0000_4.mp4,REAL
id51_0000_5.mp4,REAL
id51_0001.mp4,REAL
id51_0001_1.mp4,REAL
id51_0001_2.mp4,REAL
id51_0001_3.mp4,REAL
id51_0001_4.mp4,REAL
id51_0001_5.mp4,REAL
id51_0002.mp4,REAL
id51_0002_1.mp4,REAL
id51_0002_2.mp4,REAL
id51_0002_3.mp4,REAL
id51_0002_4.mp4,REAL
id51_0002_5.mp4,REAL
id51_0003.mp4,REAL
id51_0003_1.mp4,REAL
id51_0003_2.mp4,REAL
id51_0003_3.mp4,REAL
id51_0003_4.mp4,REAL
id51_0003_5.mp4,REAL
id51_0004.mp4,REAL
id51_0004_1.mp4,REAL
id51_0004_2.mp4,REAL
id51_0004_3.mp4,REAL
id51_0004_4.mp4,REAL
id51_0004_5.mp4,REAL
id51_0005.mp4,REAL
id51_0005_1.mp4,REAL
id51_0005_2.mp4,REAL
id51_0005_3.mp4,REAL
id51_0005_4.mp4,REAL
id51_0005_5.mp4,REAL
id51_0006.mp4,REAL
id51_0006_1.mp4,REAL
id51_0006_2.mp4,REAL
id51_0006_3.mp4,REAL
id51_0006_4.mp4,REAL
id51_0006_5.mp4,REAL
id51_0007.mp4,REAL
id51_0007_1.mp4,REAL
id51_0007_2.mp4,REAL
id51_0007_3.mp4,REAL
id51_0007_4.mp4,REAL
id51_0007_5.mp4,REAL
id51_0008.mp4,REAL
id51_0008_1.mp4,REAL
id51_0008_2.mp4,REAL
id51_0008_3.mp4,REAL
id51_0008_4.mp4,REAL
id51_0008_5.mp4,REAL
id51_0009.mp4,REAL
id51_0009_1.mp4,REAL
id51_0009_2.mp4,REAL
id51_0009_3.mp4,REAL
id51_0009_4.mp4,REAL
id51_0009_5.mp4,REAL
id52_0000.mp4,REAL
id52_0000_1.mp4,REAL
id52_0000_2.mp4,REAL
id52_0000_3.mp4,REAL
id52_0000_4.mp4,REAL
id52_0000_5.mp4,REAL
id52_0001.mp4,REAL
id52_0001_1.mp4,REAL
id52_0001_2.mp4,REAL
id52_0001_3.mp4,REAL
id52_0001_4.mp4,REAL
id52_0001_5.mp4,REAL
id52_0002.mp4,REAL
id52_0002_1.mp4,REAL
id52_0002_2.mp4,REAL
id52_0002_3.mp4,REAL
id52_0002_4.mp4,REAL
id52_0002_5.mp4,REAL
id52_0003.mp4,REAL
id52_0003_1.mp4,REAL
id52_0003_2.mp4,REAL
id52_0003_3.mp4,REAL
id52_0003_4.mp4,REAL
id52_0003_5.mp4,REAL
id52_0004.mp4,REAL
id52_0004_1.mp4,REAL
id52_0004_2.mp4,REAL
id52_0004_3.mp4,REAL
id52_0004_4.mp4,REAL
id52_0004_5.mp4,REAL
id52_0005.mp4,REAL
id52_0005_1.mp4,REAL
id52_0005_2.mp4,REAL
id52_0005_3.mp4,REAL
id52_0005_4.mp4,REAL
id52_0005_5.mp4,REAL
id52_0006.mp4,REAL
id52_0006_1.mp4,REAL
id52_0006_2.mp4,REAL
id52_0006_3.mp4,REAL
id52_0006_4.mp4,REAL
id52_0006_5.mp4,REAL
id52_0007.mp4,REAL
id52_0007_1.mp4,REAL
id52_0007_2.mp4,REAL
id52_0007_3.mp4,REAL
id52_0007_4.mp4,REAL
id52_0007_5.mp4,REAL
id52_0008.mp4,REAL
id52_0008_1.mp4,REAL
id52_0008_2.mp4,REAL
id52_0008_3.mp4,REAL
id52_0008_4.mp4,REAL
id52_0008_5.mp4,REAL
id52_0009.mp4,REAL
id52_0009_1.mp4,REAL
id52_0009_2.mp4,REAL
id52_0009_3.mp4,REAL
id52_0009_4.mp4,REAL
id52_0009_5.mp4,REAL
id53_0000.mp4,REAL
id53_0000_1.mp4,REAL
id53_0000_2.mp4,REAL
id53_0000_3.mp4,REAL
id53_0000_4.mp4,REAL
id53_0000_5.mp4,REAL
id53_0001.mp4,REAL
id53_0001_1.mp4,REAL
id53_0001_2.mp4,REAL
id53_0001_3.mp4,REAL
id53_0001_4.mp4,REAL
id53_0001_5.mp4,REAL
id53_0002.mp4,REAL
id53_0002_1.mp4,REAL
id53_0002_2.mp4,REAL
id53_0002_3.mp4,REAL
id53_0002_4.mp4,REAL
id53_0002_5.mp4,REAL
id53_0003.mp4,REAL
id53_0003_1.mp4,REAL
id53_0003_2.mp4,REAL
id53_0003_3.mp4,REAL
id53_0003_4.mp4,REAL
id53_0003_5.mp4,REAL
id53_0004.mp4,REAL
id53_0004_1.mp4,REAL
id53_0004_2.mp4,REAL
id53_0004_3.mp4,REAL
id53_0004_4.mp4,REAL
id53_0004_5.mp4,REAL
id53_0005.mp4,REAL
id53_0005_1.mp4,REAL
id53_0005_2.mp4,REAL
id53_0005_3.mp4,REAL
id53_0005_4.mp4,REAL
id53_0005_5.mp4,REAL
id53_0006.mp4,REAL
id53_0006_1.mp4,REAL
id53_0006_2.mp4,REAL
id53_0006_3.mp4,REAL
id53_0006_4.mp4,REAL
id53_0006_5.mp4,REAL
id53_0007.mp4,REAL
id53_0007_1.mp4,REAL
id53_0007_2.mp4,REAL
id53_0007_3.mp4,REAL
id53_0007_4.mp4,REAL
id53_0007_5.mp4,REAL
id53_0008.mp4,REAL
id53_0008_1.mp4,REAL
id53_0008_2.mp4,REAL
id53_0008_3.mp4,REAL
id53_0008_4.mp4,REAL
id53_0008_5.mp4,REAL
id53_0009.mp4,REAL
id53_0009_1.mp4,REAL
id53_0009_2.mp4,REAL
id53_0009_3.mp4,REAL
id53_0009_4.mp4,REAL
id53_0009_5.mp4,REAL
id54_0000.mp4,REAL
id54_0000_1.mp4,REAL
id54_0000_2.mp4,REAL
id54_0000_3.mp4,REAL
id54_0000_4.mp4,REAL
id54_0000_5.mp4,REAL
id54_0001.mp4,REAL
id54_0001_1.mp4,REAL
id54_0001_2.mp4,REAL
id54_0001_3.mp4,REAL
id54_0001_4.mp4,REAL
id54_0001_5.mp4,REAL
id54_0002.mp4,REAL
id54_0002_1.mp4,REAL
id54_0002_2.mp4,REAL
id54_0002_3.mp4,REAL
id54_0002_4.mp4,REAL
id54_0002_5.mp4,REAL
id54_0003.mp4,REAL
id54_0003_1.mp4,REAL
id54_0003_2.mp4,REAL
id54_0003_3.mp4,REAL
id54_0003_4.mp4,REAL
id54_0003_5.mp4,REAL
id54_0004.mp4,REAL
id54_0004_1.mp4,REAL
id54_0004_2.mp4,REAL
id54_0004_3.mp4,REAL
id54_0004_4.mp4,REAL
id54_0004_5.mp4,REAL
id54_0005.mp4,REAL
id54_0005_1.mp4,REAL
id54_0005_2.mp4,REAL
id54_0005_3.mp4,REAL
id54_0005_4.mp4,REAL
id54_0005_5.mp4,REAL
id54_0006.mp4,REAL
id54_0006_1.mp4,REAL
id54_0006_2.mp4,REAL
id54_0006_3.mp4,REAL
id54_0006_4.mp4,REAL
id54_0006_5.mp4,REAL
id54_0007.mp4,REAL
id54_0007_1.mp4,REAL
id54_0007_2.mp4,REAL
id54_0007_3.mp4,REAL
id54_0007_4.mp4,REAL
id54_0007_5.mp4,REAL
id54_0008.mp4,REAL
id54_0008_1.mp4,REAL
id54_0008_2.mp4,REAL
id54_0008_3.mp4,REAL
id54_0008_4.mp4,REAL
id54_0008_5.mp4,REAL
id54_0009.mp4,REAL
id54_0009_1.mp4,REAL
id54_0009_2.mp4,REAL
id54_0009_3.mp4,REAL
id54_0009_4.mp4,REAL
id54_0009_5.mp4,REAL
id55_0000.mp4,REAL
id55_0000_1.mp4,REAL
id55_0000_2.mp4,REAL
id55_0000_3.mp4,REAL
id55_0000_4.mp4,REAL
id55_0000_5.mp4,REAL
id55_0001.mp4,REAL
id55_0001_1.mp4,REAL
id55_0001_2.mp4,REAL
id55_0001_3.mp4,REAL
id55_0001_4.mp4,REAL
id55_0001_5.mp4,REAL
id55_0002.mp4,REAL
id55_0002_1.mp4,REAL
id55_0002_2.mp4,REAL
id55_0002_3.mp4,REAL
id55_0002_4.mp4,REAL
id55_0002_5.mp4,REAL
id55_0003.mp4,REAL
id55_0003_1.mp4,REAL
id55_0003_2.mp4,REAL
id55_0003_3.mp4,REAL
id55_0003_4.mp4,REAL
id55_0003_5.mp4,REAL
id55_0004.mp4,REAL
id55_0004_1.mp4,REAL
id55_0004_2.mp4,REAL
id55_0004_3.mp4,REAL
id55_0004_4.mp4,REAL
id55_0004_5.mp4,REAL
id55_0005.mp4,REAL
id55_0005_1.mp4,REAL
id55_0005_2.mp4,REAL
id55_0005_3.mp4,REAL
id55_0005_4.mp4,REAL
id55_0005_5.mp4,REAL
id55_0006.mp4,REAL
id55_0006_1.mp4,REAL
id55_0006_2.mp4,REAL
id55_0006_3.mp4,REAL
id55_0006_4.mp4,REAL
id55_0006_5.mp4,REAL
id55_0007.mp4,REAL
id55_0007_1.mp4,REAL
id55_0007_2.mp4,REAL
id55_0007_3.mp4,REAL
id55_0007_4.mp4,REAL
id55_0007_5.mp4,REAL
id55_0008.mp4,REAL
id55_0008_1.mp4,REAL
id55_0008_2.mp4,REAL
id55_0008_3.mp4,REAL
id55_0008_4.mp4,REAL
id55_0008_5.mp4,REAL
id55_0009.mp4,REAL
id55_0009_1.mp4,REAL
id55_0009_2.mp4,REAL
id55_0009_3.mp4,REAL
id55_0009_4.mp4,REAL
id55_0009_5.mp4,REAL
id56_0000.mp4,REAL
id56_0000_1.mp4,REAL
id56_0000_2.mp4,REAL
id56_0000_3.mp4,REAL
id56_0000_4.mp4,REAL
id56_0000_5.mp4,REAL
id56_0001.mp4,REAL
id56_0001_1.mp4,REAL
id56_0001_2.mp4,REAL
id56_0001_3.mp4,REAL
id56_0001_4.mp4,REAL
id56_0001_5.mp4,REAL
id56_0002.mp4,REAL
id56_0002_1.mp4,REAL
id56_0002_2.mp4,REAL
id56_0002_3.mp4,REAL
id56_0002_4.mp4,REAL
id56_0002_5.mp4,REAL
id56_0003.mp4,REAL
id56_0003_1.mp4,REAL
id56_0003_2.mp4,REAL
id56_0003_3.mp4,REAL
id56_0003_4.mp4,REAL
id56_0003_5.mp4,REAL
id56_0004.mp4,REAL
id56_0004_1.mp4,REAL
id56_0004_2.mp4,REAL
id56_0004_3.mp4,REAL
id56_0004_4.mp4,REAL
id56_0004_5.mp4,REAL
id56_0005.mp4,REAL
id56_0005_1.mp4,REAL
id56_0005_2.mp4,REAL
id56_0005_3.mp4,REAL
id56_0005_4.mp4,REAL
id56_0005_5.mp4,REAL
id56_0006.mp4,REAL
id56_0006_1.mp4,REAL
id56_0006_2.mp4,REAL
id56_0006_3.mp4,REAL
id56_0006_4.mp4,REAL
id56_0006_5.mp4,REAL
id56_0007.mp4,REAL
id56_0007_1.mp4,REAL
id56_0007_2.mp4,REAL
id56_0007_3.mp4,REAL
id56_0007_4.mp4,REAL
id56_0007_5.mp4,REAL
id56_0008.mp4,REAL
id56_0008_1.mp4,REAL
id56_0008_2.mp4,REAL
id56_0008_3.mp4,REAL
id56_0008_4.mp4,REAL
id56_0008_5.mp4,REAL
id56_0009.mp4,REAL
id56_0009_1.mp4,REAL
id56_0009_2.mp4,REAL
id56_0009_3.mp4,REAL
id56_0009_4.mp4,REAL
id56_0009_5.mp4,REAL
id57_0000.mp4,REAL
id57_0000_1.mp4,REAL
id57_0000_2.mp4,REAL
id57_0000_3.mp4,REAL
id57_0000_4.mp4,REAL
id57_0000_5.mp4,REAL
id57_0001.mp4,REAL
id57_0001_1.mp4,REAL
id57_0001_2.mp4,REAL
id57_0001_3.mp4,REAL
id57_0001_4.mp4,REAL
id57_0001_5.mp4,REAL
id57_0002.mp4,REAL
id57_0002_1.mp4,REAL
id57_0002_2.mp4,REAL
id57_0002_3.mp4,REAL
id57_0002_4.mp4,REAL
id57_0002_5.mp4,REAL
id57_0003.mp4,REAL
id57_0003_1.mp4,REAL
id57_0003_2.mp4,REAL
id57_0003_3.mp4,REAL
id57_0003_4.mp4,REAL
id57_0003_5.mp4,REAL
id57_0004.mp4,REAL
id57_0004_1.mp4,REAL
id57_0004_2.mp4,REAL
id57_0004_3.mp4,REAL
id57_0004_4.mp4,REAL
id57_0004_5.mp4,REAL
id57_0005.mp4,REAL
id57_0005_1.mp4,REAL
id57_0005_2.mp4,REAL
id57_0005_3.mp4,REAL
id57_0005_4.mp4,REAL
id57_0005_5.mp4,REAL
id57_0006.mp4,REAL
id57_0006_1.mp4,REAL
id57_0006_2.mp4,REAL
id57_0006_3.mp4,REAL
id57_0006_4.mp4,REAL
id57_0006_5.mp4,REAL
id57_0007.mp4,REAL
id57_0007_1.mp4,REAL
id57_0007_2.mp4,REAL
id57_0007_3.mp4,REAL
id57_0007_4.mp4,REAL
id57_0007_5.mp4,REAL
id57_0008.mp4,REAL
id57_0008_1.mp4,REAL
id57_0008_2.mp4,REAL
id57_0008_3.mp4,REAL
id57_0008_4.mp4,REAL
id57_0008_5.mp4,REAL
id57_0009.mp4,REAL
id57_0009_1.mp4,REAL
id57_0009_2.mp4,REAL
id57_0009_3.mp4,REAL
id57_0009_4.mp4,REAL
id57_0009_5.mp4,REAL
id58_0000.mp4,REAL
id58_0000_1.mp4,REAL
id58_0000_2.mp4,REAL
id58_0000_3.mp4,REAL
id58_0000_4.mp4,REAL
id58_0000_5.mp4,REAL
id58_0001.mp4,REAL
id58_0001_1.mp4,REAL
id58_0001_2.mp4,REAL
id58_0001_3.mp4,REAL
id58_0001_4.mp4,REAL
id58_0001_5.mp4,REAL
id58_0002.mp4,REAL
id58_0002_1.mp4,REAL
id58_0002_2.mp4,REAL
id58_0002_3.mp4,REAL
id58_0002_4.mp4,REAL
id58_0002_5.mp4,REAL
id58_0003.mp4,REAL
id58_0003_1.mp4,REAL
id58_0003_2.mp4,REAL
id58_0003_3.mp4,REAL
id58_0003_4.mp4,REAL
id58_0003_5.mp4,REAL
id58_0004.mp4,REAL
id58_0004_1.mp4,REAL
id58_0004_2.mp4,REAL
id58_0004_3.mp4,REAL
id58_0004_4.mp4,REAL
id58_0004_5.mp4,REAL
id58_0005.mp4,REAL
id58_0005_1.mp4,REAL
id58_0005_2.mp4,REAL
id58_0005_3.mp4,REAL
id58_0005_4.mp4,REAL
id58_0005_5.mp4,REAL
id58_0006.mp4,REAL
id58_0006_1.mp4,REAL
id58_0006_2.mp4,REAL
id58_0006_3.mp4,REAL
id58_0006_4.mp4,REAL
id58_0006_5.mp4,REAL
id58_0007.mp4,REAL
id58_0007_1.mp4,REAL
id58_0007_2.mp4,REAL
id58_0007_3.mp4,REAL
id58_0007_4.mp4,REAL
id58_0007_5.mp4,REAL
id58_0008.mp4,REAL
id58_0008_1.mp4,REAL
id58_0008_2.mp4,REAL
id58_0008_3.mp4,REAL
id58_0008_4.mp4,REAL
id58_0008_5.mp4,REAL
id58_0009.mp4,REAL
id58_0009_1.mp4,REAL
id58_0009_2.mp4,REAL
id58_0009_3.mp4,REAL
id58_0009_4.mp4,REAL
id58_0009_5.mp4,REAL
id59_0000.mp4,REAL
id59_0000_1.mp4,REAL
id59_0000_2.mp4,REAL
id59_0000_3.mp4,REAL
id59_0000_4.mp4,REAL
id59_0000_5.mp4,REAL
id59_0001.mp4,REAL
id59_0001_1.mp4,REAL
id59_0001_2.mp4,REAL
id59_0001_3.mp4,REAL
id59_0001_4.mp4,REAL
id59_0001_5.mp4,REAL
id59_0002.mp4,REAL
id59_0002_1.mp4,REAL
id59_0002_2.mp4,REAL
id59_0002_3.mp4,REAL
id59_0002_4.mp4,REAL
id59_0002_5.mp4,REAL
id59_0003.mp4,REAL
id59_0003_1.mp4,REAL
id59_0003_2.mp4,REAL
id59_0003_3.mp4,REAL
id59_0003_4.mp4,REAL
id59_0003_5.mp4,REAL
id59_0004.mp4,REAL
id59_0004_1.mp4,REAL
id59_0004_2.mp4,REAL
id59_0004_3.mp4,REAL
id59_0004_4.mp4,REAL
id59_0004_5.mp4,REAL
id59_0005.mp4,REAL
id59_0005_1.mp4,REAL
id59_0005_2.mp4,REAL
id59_0005_3.mp4,REAL
id59_0005_4.mp4,REAL
id59_0005_5.mp4,REAL
id59_0006.mp4,REAL
id59_0006_1.mp4,REAL
id59_0006_2.mp4,REAL
id59_0006_3.mp4,REAL
id59_0006_4.mp4,REAL
id59_0006_5.mp4,REAL
id59_0007.mp4,REAL
id59_0007_1.mp4,REAL
id59_0007_2.mp4,REAL
id59_0007_3.mp4,REAL
id59_0007_4.mp4,REAL
id59_0007_5.mp4,REAL
id59_0008.mp4,REAL
id59_0008_1.mp4,REAL
id59_0008_2.mp4,REAL
id59_0008_3.mp4,REAL
id59_0008_4.mp4,REAL
id59_0008_5.mp4,REAL
id59_0009.mp4,REAL
id59_0009_1.mp4,REAL
id59_0009_2.mp4,REAL
id59_0009_3.mp4,REAL
id59_0009_4.mp4,REAL
id59_0009_5.mp4,REAL
id5_0000.mp4,REAL
id5_0000_1.mp4,REAL
id5_0000_2.mp4,REAL
id5_0000_3.mp4,REAL
id5_0000_4.mp4,REAL
id5_0000_5.mp4,REAL
id5_0001.mp4,REAL
id5_0001_1.mp4,REAL
id5_0001_2.mp4,REAL
id5_0001_3.mp4,REAL
id5_0001_4.mp4,REAL
id5_0001_5.mp4,REAL
id5_0002.mp4,REAL
id5_0002_1.mp4,REAL
id5_0002_2.mp4,REAL
id5_0002_3.mp4,REAL
id5_0002_4.mp4,REAL
id5_0002_5.mp4,REAL
id5_0003.mp4,REAL
id5_0003_1.mp4,REAL
id5_0003_2.mp4,REAL
id5_0003_3.mp4,REAL
id5_0003_4.mp4,REAL
id5_0003_5.mp4,REAL
id5_0004.mp4,REAL
id5_0004_1.mp4,REAL
id5_0004_2.mp4,REAL
id5_0004_3.mp4,REAL
id5_0004_4.mp4,REAL
id5_0004_5.mp4,REAL
id5_0005.mp4,REAL
id5_0005_1.mp4,REAL
id5_0005_2.mp4,REAL
id5_0005_3.mp4,REAL
id5_0005_4.mp4,REAL
id5_0005_5.mp4,REAL
id5_0006.mp4,REAL
id5_0006_1.mp4,REAL
id5_0006_2.mp4,REAL
id5_0006_3.mp4,REAL
id5_0006_4.mp4,REAL
id5_0006_5.mp4,REAL
id5_0007.mp4,REAL
id5_0007_1.mp4,REAL
id5_0007_2.mp4,REAL
id5_0007_3.mp4,REAL
id5_0007_4.mp4,REAL
id5_0007_5.mp4,REAL
id5_0008.mp4,REAL
id5_0008_1.mp4,REAL
id5_0008_2.mp4,REAL
id5_0008_3.mp4,REAL
id5_0008_4.mp4,REAL
id5_0008_5.mp4,REAL
id5_0009.mp4,REAL
id5_0009_1.mp4,REAL
id5_0009_2.mp4,REAL
id5_0009_3.mp4,REAL
id5_0009_4.mp4,REAL
id5_0009_5.mp4,REAL
id60_0000.mp4,REAL
id60_0000_1.mp4,REAL
id60_0000_2.mp4,REAL
id60_0000_3.mp4,REAL
id60_0000_4.mp4,REAL
id60_0000_5.mp4,REAL
id60_0001.mp4,REAL
id60_0001_1.mp4,REAL
id60_0001_2.mp4,REAL
id60_0001_3.mp4,REAL
id60_0001_4.mp4,REAL
id60_0001_5.mp4,REAL
id60_0002.mp4,REAL
id60_0002_1.mp4,REAL
id60_0002_2.mp4,REAL
id60_0002_3.mp4,REAL
id60_0002_4.mp4,REAL
id60_0002_5.mp4,REAL
id60_0003.mp4,REAL
id60_0003_1.mp4,REAL
id60_0003_2.mp4,REAL
id60_0003_3.mp4,REAL
id60_0003_4.mp4,REAL
id60_0003_5.mp4,REAL
id60_0004.mp4,REAL
id60_0004_1.mp4,REAL
id60_0004_2.mp4,REAL
id60_0004_3.mp4,REAL
id60_0004_4.mp4,REAL
id60_0004_5.mp4,REAL
id60_0005.mp4,REAL
id60_0005_1.mp4,REAL
id60_0005_2.mp4,REAL
id60_0005_3.mp4,REAL
id60_0005_4.mp4,REAL
id60_0005_5.mp4,REAL
id60_0006.mp4,REAL
id60_0006_1.mp4,REAL
id60_0006_2.mp4,REAL
id60_0006_3.mp4,REAL
id60_0006_4.mp4,REAL
id60_0006_5.mp4,REAL
id60_0007.mp4,REAL
id60_0007_1.mp4,REAL
id60_0007_2.mp4,REAL
id60_0007_3.mp4,REAL
id60_0007_4.mp4,REAL
id60_0007_5.mp4,REAL
id60_0008.mp4,REAL
id60_0008_1.mp4,REAL
id60_0008_2.mp4,REAL
id60_0008_3.mp4,REAL
id60_0008_4.mp4,REAL
id60_0008_5.mp4,REAL
id60_0009.mp4,REAL
id60_0009_1.mp4,REAL
id60_0009_2.mp4,REAL
id60_0009_3.mp4,REAL
id60_0009_4.mp4,REAL
id60_0009_5.mp4,REAL
id61_0000.mp4,REAL
id61_0000_1.mp4,REAL
id61_0000_2.mp4,REAL
id61_0000_3.mp4,REAL
id61_0000_4.mp4,REAL
id61_0000_5.mp4,REAL
id61_0001.mp4,REAL
id61_0001_1.mp4,REAL
id61_0001_2.mp4,REAL
id61_0001_3.mp4,REAL
id61_0001_4.mp4,REAL
id61_0001_5.mp4,REAL
id61_0002.mp4,REAL
id61_0002_1.mp4,REAL
id61_0002_2.mp4,REAL
id61_0002_3.mp4,REAL
id61_0002_4.mp4,REAL
id61_0002_5.mp4,REAL
id61_0003.mp4,REAL
id61_0003_1.mp4,REAL
id61_0003_2.mp4,REAL
id61_0003_3.mp4,REAL
id61_0003_4.mp4,REAL
id61_0003_5.mp4,REAL
id61_0004.mp4,REAL
id61_0004_1.mp4,REAL
id61_0004_2.mp4,REAL
id61_0004_3.mp4,REAL
id61_0004_4.mp4,REAL
id61_0004_5.mp4,REAL
id61_0005.mp4,REAL
id61_0005_1.mp4,REAL
id61_0005_2.mp4,REAL
id61_0005_3.mp4,REAL
id61_0005_4.mp4,REAL
id61_0005_5.mp4,REAL
id61_0006.mp4,REAL
id61_0006_1.mp4,REAL
id61_0006_2.mp4,REAL
id61_0006_3.mp4,REAL
id61_0006_4.mp4,REAL
id61_0006_5.mp4,REAL
id61_0007.mp4,REAL
id61_0007_1.mp4,REAL
id61_0007_2.mp4,REAL
id61_0007_3.mp4,REAL
id61_0007_4.mp4,REAL
id61_0007_5.mp4,REAL
id61_0008.mp4,REAL
id61_0008_1.mp4,REAL
id61_0008_2.mp4,REAL
id61_0008_3.mp4,REAL
id61_0008_4.mp4,REAL
id61_0008_5.mp4,REAL
id61_0009.mp4,REAL
id61_0009_1.mp4,REAL
id61_0009_2.mp4,REAL
id61_0009_3.mp4,REAL
id61_0009_4.mp4,REAL
id61_0009_5.mp4,REAL
id6_0000.mp4,REAL
id6_0000_1.mp4,REAL
id6_0000_2.mp4,REAL
id6_0000_3.mp4,REAL
id6_0000_4.mp4,REAL
id6_0000_5.mp4,REAL
id6_0001.mp4,REAL
id6_0001_1.mp4,REAL
id6_0001_2.mp4,REAL
id6_0001_3.mp4,REAL
id6_0001_4.mp4,REAL
id6_0001_5.mp4,REAL
id6_0002.mp4,REAL
id6_0002_1.mp4,REAL
id6_0002_2.mp4,REAL
id6_0002_3.mp4,REAL
id6_0002_4.mp4,REAL
id6_0002_5.mp4,REAL
id6_0003.mp4,REAL
id6_0003_1.mp4,REAL
id6_0003_2.mp4,REAL
id6_0003_3.mp4,REAL
id6_0003_4.mp4,REAL
id6_0003_5.mp4,REAL
id6_0004.mp4,REAL
id6_0004_1.mp4,REAL
id6_0004_2.mp4,REAL
id6_0004_3.mp4,REAL
id6_0004_4.mp4,REAL
id6_0004_5.mp4,REAL
id6_0005.mp4,REAL
id6_0005_1.mp4,REAL
id6_0005_2.mp4,REAL
id6_0005_3.mp4,REAL
id6_0005_4.mp4,REAL
id6_0005_5.mp4,REAL
id6_0006.mp4,REAL
id6_0006_1.mp4,REAL
id6_0006_2.mp4,REAL
id6_0006_3.mp4,REAL
id6_0006_4.mp4,REAL
id6_0006_5.mp4,REAL
id6_0007.mp4,REAL
id6_0007_1.mp4,REAL
id6_0007_2.mp4,REAL
id6_0007_3.mp4,REAL
id6_0007_4.mp4,REAL
id6_0007_5.mp4,REAL
id6_0008.mp4,REAL
id6_0008_1.mp4,REAL
id6_0008_2.mp4,REAL
id6_0008_3.mp4,REAL
id6_0008_4.mp4,REAL
id6_0008_5.mp4,REAL
id6_0009.mp4,REAL
id6_0009_1.mp4,REAL
id6_0009_2.mp4,REAL
id6_0009_3.mp4,REAL
id6_0009_4.mp4,REAL
id6_0009_5.mp4,REAL
id7_0000.mp4,REAL
id7_0000_1.mp4,REAL
id7_0000_2.mp4,REAL
id7_0000_3.mp4,REAL
id7_0000_4.mp4,REAL
id7_0000_5.mp4,REAL
id7_0001.mp4,REAL
id7_0001_1.mp4,REAL
id7_0001_2.mp4,REAL
id7_0001_3.mp4,REAL
id7_0001_4.mp4,REAL
id7_0001_5.mp4,REAL
id7_0002.mp4,REAL
id7_0002_1.mp4,REAL
id7_0002_2.mp4,REAL
id7_0002_3.mp4,REAL
id7_0002_4.mp4,REAL
id7_0002_5.mp4,REAL
id7_0003.mp4,REAL
id7_0003_1.mp4,REAL
id7_0003_2.mp4,REAL
id7_0003_3.mp4,REAL
id7_0003_4.mp4,REAL
id7_0003_5.mp4,REAL
id7_0004.mp4,REAL
id7_0004_1.mp4,REAL
id7_0004_2.mp4,REAL
id7_0004_3.mp4,REAL
id7_0004_4.mp4,REAL
id7_0004_5.mp4,REAL
id7_0005.mp4,REAL
id7_0005_1.mp4,REAL
id7_0005_2.mp4,REAL
id7_0005_3.mp4,REAL
id7_0005_4.mp4,REAL
id7_0005_5.mp4,REAL
id7_0006.mp4,REAL
id7_0006_1.mp4,REAL
id7_0006_2.mp4,REAL
id7_0006_3.mp4,REAL
id7_0006_4.mp4,REAL
id7_0006_5.mp4,REAL
id7_0007.mp4,REAL
id7_0007_1.mp4,REAL
id7_0007_2.mp4,REAL
id7_0007_3.mp4,REAL
id7_0007_4.mp4,REAL
id7_0007_5.mp4,REAL
id7_0008.mp4,REAL
id7_0008_1.mp4,REAL
id7_0008_2.mp4,REAL
id7_0008_3.mp4,REAL
id7_0008_4.mp4,REAL
id7_0008_5.mp4,REAL
id7_0009.mp4,REAL
id7_0009_1.mp4,REAL
id7_0009_2.mp4,REAL
id7_0009_3.mp4,REAL
id7_0009_4.mp4,REAL
id7_0009_5.mp4,REAL
id8_0000.mp4,REAL
id8_0000_1.mp4,REAL
id8_0000_2.mp4,REAL
id8_0000_3.mp4,REAL
id8_0000_4.mp4,REAL
id8_0000_5.mp4,REAL
id8_0001.mp4,REAL
id8_0001_1.mp4,REAL
id8_0001_2.mp4,REAL
id8_0001_3.mp4,REAL
id8_0001_4.mp4,REAL
id8_0001_5.mp4,REAL
id8_0002.mp4,REAL
id8_0002_1.mp4,REAL
id8_0002_2.mp4,REAL
id8_0002_3.mp4,REAL
id8_0002_4.mp4,REAL
id8_0002_5.mp4,REAL
id8_0003.mp4,REAL
id8_0003_1.mp4,REAL
id8_0003_2.mp4,REAL
id8_0003_3.mp4,REAL
id8_0003_4.mp4,REAL
id8_0003_5.mp4,REAL
id8_0004.mp4,REAL
id8_0004_1.mp4,REAL
id8_0004_2.mp4,REAL
id8_0004_3.mp4,REAL
id8_0004_4.mp4,REAL
id8_0004_5.mp4,REAL
id8_0005.mp4,REAL
id8_0005_1.mp4,REAL
id8_0005_2.mp4,REAL
id8_0005_3.mp4,REAL
id8_0005_4.mp4,REAL
id8_0005_5.mp4,REAL
id8_0006.mp4,REAL
id8_0006_1.mp4,REAL
id8_0006_2.mp4,REAL
id8_0006_3.mp4,REAL
id8_0006_4.mp4,REAL
id8_0006_5.mp4,REAL
id8_0007.mp4,REAL
id8_0007_1.mp4,REAL
id8_0007_2.mp4,REAL
id8_0007_3.mp4,REAL
id8_0007_4.mp4,REAL
id8_0007_5.mp4,REAL
id8_0008.mp4,REAL
id8_0008_1.mp4,REAL
id8_0008_2.mp4,REAL
id8_0008_3.mp4,REAL
id8_0008_4.mp4,REAL
id8_0008_5.mp4,REAL
id8_0009.mp4,REAL
id8_0009_1.mp4,REAL
id8_0009_2.mp4,REAL
id8_0009_3.mp4,REAL
id8_0009_4.mp4,REAL
id8_0009_5.mp4,REAL
id9_0000.mp4,REAL
id9_0000_1.mp4,REAL
id9_0000_2.mp4,REAL
id9_0000_3.mp4,REAL
id9_0000_4.mp4,REAL
id9_0000_5.mp4,REAL
id9_0001.mp4,REAL
id9_0001_1.mp4,REAL
id9_0001_2.mp4,REAL
id9_0001_3.mp4,REAL
id9_0001_4.mp4,REAL
id9_0001_5.mp4,REAL
id9_0002.mp4,REAL
id9_0002_1.mp4,REAL
id9_0002_2.mp4,REAL
id9_0002_3.mp4,REAL
id9_0002_4.mp4,REAL
id9_0002_5.mp4,REAL
id9_0003.mp4,REAL
id9_0003_1.mp4,REAL
id9_0003_2.mp4,REAL
id9_0003_3.mp4,REAL
id9_0003_4.mp4,REAL
id9_0003_5.mp4,REAL
id9_0004.mp4,REAL
id9_0004_1.mp4,REAL
id9_0004_2.mp4,REAL
id9_0004_3.mp4,REAL
id9_0004_4.mp4,REAL
id9_0004_5.mp4,REAL
id9_0005.mp4,REAL
id9_0005_1.mp4,REAL
id9_0005_2.mp4,REAL
id9_0005_3.mp4,REAL
id9_0005_4.mp4,REAL
id9_0005_5.mp4,REAL
id9_0006.mp4,REAL
id9_0006_1.mp4,REAL
id9_0006_2.mp4,REAL
id9_0006_3.mp4,REAL
id9_0006_4.mp4,REAL
id9_0006_5.mp4,REAL
id9_0007.mp4,REAL
id9_0007_1.mp4,REAL
id9_0007_2.mp4,REAL
id9_0007_3.mp4,REAL
id9_0007_4.mp4,REAL
id9_0007_5.mp4,REAL
id9_0008.mp4,REAL
id9_0008_1.mp4,REAL
id9_0008_2.mp4,REAL
id9_0008_3.mp4,REAL
id9_0008_4.mp4,REAL
id9_0008_5.mp4,REAL
id9_0009.mp4,REAL
id9_0009_1.mp4,REAL
id9_0009_2.mp4,REAL
id9_0009_3.mp4,REAL
id9_0009_4.mp4,REAL
id9_0009_5.mp4,REAL
